"","x","y","has_preview_condition","reread_condition"
"1",0.00239038607890762,0.0607208197878175,"Gathering",0
"2",0.0261610280253572,0.0634496861491507,"Gathering",0
"3",0.0499316699718069,0.0661283976013312,"Gathering",0
"4",0.0737023119182565,0.0687459164165665,"Gathering",0
"5",0.0974729538647063,0.0712891495396451,"Gathering",0
"6",0.121243595811156,0.0737486468029073,"Gathering",0
"7",0.145014237757606,0.0761185478210641,"Gathering",0
"8",0.168784879704055,0.078392176597482,"Gathering",0
"9",0.192555521650505,0.0805641139501082,"Gathering",0
"10",0.216326163596955,0.0826302306959094,"Gathering",0
"11",0.240096805543404,0.0845876960997306,"Gathering",0
"12",0.263867447489854,0.0864349621356026,"Gathering",0
"13",0.287638089436304,0.0881717246946342,"Gathering",0
"14",0.311408731382753,0.0897988634095343,"Gathering",0
"15",0.335179373329203,0.0913183622369756,"Gathering",0
"16",0.358950015275653,0.0927332133335479,"Gathering",0
"17",0.382720657222102,0.0940473070700569,"Gathering",0
"18",0.406491299168552,0.0952653112466774,"Gathering",0
"19",0.430261941115002,0.0963925426954453,"Gathering",0
"20",0.454032583061451,0.0974348344874395,"Gathering",0
"21",0.477803225007901,0.0983984019033914,"Gathering",0
"22",0.501573866954351,0.0992897101847427,"Gathering",0
"23",0.5253445089008,0.100112198992204,"Gathering",0
"24",0.54911515084725,0.100875852194584,"Gathering",0
"25",0.5728857927937,0.101587728410179,"Gathering",0
"26",0.59665643474015,0.102254021523436,"Gathering",0
"27",0.620427076686599,0.102880607991716,"Gathering",0
"28",0.644197718633049,0.103472978834533,"Gathering",0
"29",0.667968360579498,0.104036185727716,"Gathering",0
"30",0.691739002525948,0.104574801185596,"Gathering",0
"31",0.715509644472398,0.105092892480754,"Gathering",0
"32",0.739280286418847,0.105594008654796,"Gathering",0
"33",0.763050928365297,0.106081179719781,"Gathering",0
"34",0.786821570311747,0.106556926941255,"Gathering",0
"35",0.810592212258197,0.10702328293176,"Gathering",0
"36",0.834362854204646,0.107481820168052,"Gathering",0
"37",0.858133496151096,0.107933686474687,"Gathering",0
"38",0.881904138097545,0.108379645988539,"Gathering",0
"39",0.905674780043995,0.108820124129698,"Gathering",0
"40",0.929445421990445,0.109255206844281,"Gathering",0
"41",0.953216063936895,0.10968450877671,"Gathering",0
"42",0.976986705883344,0.110107988675197,"Gathering",0
"43",1.00075734782979,0.110525180042788,"Gathering",0
"44",1.02452798977624,0.110935528515015,"Gathering",0
"45",1.04829863172269,0.1113384325865,"Gathering",0
"46",1.07206927366914,0.111733280385451,"Gathering",0
"47",1.09583991561559,0.112119482049803,"Gathering",0
"48",1.11961055756204,0.112496497400156,"Gathering",0
"49",1.14338119950849,0.112863858737799,"Gathering",0
"50",1.16715184145494,0.113221188719063,"Gathering",0
"51",1.19092248340139,0.113568213368462,"Gathering",0
"52",1.21469312534784,0.113904770391572,"Gathering",0
"53",1.23846376729429,0.114230813033767,"Gathering",0
"54",1.26223440924074,0.114546409802539,"Gathering",0
"55",1.28600505118719,0.11485174042935,"Gathering",0
"56",1.30977569313364,0.115147088492231,"Gathering",0
"57",1.33354633508009,0.115432831153272,"Gathering",0
"58",1.35731697702654,0.115709192928341,"Gathering",0
"59",1.38108761897299,0.11597667632552,"Gathering",0
"60",1.40485826091944,0.116236195361571,"Gathering",0
"61",1.42862890286589,0.116488359600101,"Gathering",0
"62",1.45239954481234,0.116733789047208,"Gathering",0
"63",1.47617018675879,0.116973096940588,"Gathering",0
"64",1.49994082870524,0.117206873141657,"Gathering",0
"65",1.52371147065169,0.117435668504934,"Gathering",0
"66",1.54748211259814,0.117659980565443,"Gathering",0
"67",1.57125275454459,0.117880240848893,"Gathering",0
"68",1.59502339649104,0.118096804071013,"Gathering",0
"69",1.61879403843749,0.118309939451844,"Gathering",0
"70",1.64256468038393,0.11851982432796,"Gathering",0
"71",1.66633532233038,0.118726540200509,"Gathering",0
"72",1.69010596427683,0.118930071309633,"Gathering",0
"73",1.71387660622328,0.11913030577625,"Gathering",0
"74",1.73764724816973,0.119327039300528,"Gathering",0
"75",1.76141789011618,0.119519981352903,"Gathering",0
"76",1.78518853206263,0.11970855104924,"Gathering",0
"77",1.80895917400908,0.11989238455411,"Gathering",0
"78",1.83272981595553,0.120071059616917,"Gathering",0
"79",1.85650045790198,0.1202440442524,"Gathering",0
"80",1.88027109984843,0.120410787844658,"Gathering",0
"81",1.90404174179488,0.120570737961898,"Gathering",0
"82",1.92781238374133,0.120723357452759,"Gathering",0
"83",1.95158302568778,0.12086814135983,"Gathering",0
"84",1.97535366763423,0.121004633173672,"Gathering",0
"85",1.99912430958068,0.121132439950715,"Gathering",0
"86",2.02289495152713,0.121251245831973,"Gathering",0
"87",2.04666559347358,0.121360823527071,"Gathering",0
"88",2.07043623542003,0.121461043370019,"Gathering",0
"89",2.09420687736648,0.121551879609015,"Gathering",0
"90",2.11797751931293,0.121633413661551,"Gathering",0
"91",2.14174816125938,0.121705834146963,"Gathering",0
"92",2.16551880320583,0.121769433599215,"Gathering",0
"93",2.18928944515228,0.121824597831627,"Gathering",0
"94",2.21306008709873,0.12187134676341,"Gathering",0
"95",2.23683072904518,0.121910777994138,"Gathering",0
"96",2.26060137099163,0.121943510308858,"Gathering",0
"97",2.28437201293808,0.121970197536578,"Gathering",0
"98",2.30814265488453,0.121991508582932,"Gathering",0
"99",2.33191329683098,0.122008106604163,"Gathering",0
"100",2.35568393877743,0.122020627968328,"Gathering",0
"101",2.37945458072388,0.122029661670863,"Gathering",0
"102",2.40322522267032,0.122035729871648,"Gathering",0
"103",2.42699586461677,0.122039270198822,"Gathering",0
"104",2.45076650656322,0.122040620421277,"Gathering",0
"105",2.47453714850967,0.122040006028057,"Gathering",0
"106",2.49830779045612,0.122037531170479,"Gathering",0
"107",2.52207843240257,0.122033173324339,"Gathering",0
"108",2.54584907434902,0.122026781917924,"Gathering",0
"109",2.56961971629547,0.122018081050396,"Gathering",0
"110",2.59339035824192,0.122006676298262,"Gathering",0
"111",2.61716100018837,0.121991992272652,"Gathering",0
"112",2.64093164213482,0.121973274196386,"Gathering",0
"113",2.66470228408127,0.121949983078945,"Gathering",0
"114",2.68847292602772,0.121921388452332,"Gathering",0
"115",2.71224356797417,0.121886735689858,"Gathering",0
"116",2.73601420992062,0.121845270697337,"Gathering",0
"117",2.75978485186707,0.12179626509402,"Gathering",0
"118",2.78355549381352,0.121739041147614,"Gathering",0
"119",2.80732613575997,0.121672995736898,"Gathering",0
"120",2.83109677770642,0.121597622646655,"Gathering",0
"121",2.85486741965287,0.121512532551559,"Gathering",0
"122",2.87863806159932,0.121417470116501,"Gathering",0
"123",2.90240870354577,0.121312327728051,"Gathering",0
"124",2.92617934549222,0.121197155472632,"Gathering",0
"125",2.94994998743867,0.121072167088071,"Gathering",0
"126",2.97372062938512,0.120937741733222,"Gathering",0
"127",2.99749127133157,0.120794421541517,"Gathering",0
"128",3.02126191327802,0.120642905044964,"Gathering",0
"129",3.04503255522447,0.120483802644548,"Gathering",0
"130",3.06880319717092,0.120318279887576,"Gathering",0
"131",3.09257383911736,0.120147639288755,"Gathering",0
"132",3.11634448106381,0.119973078811801,"Gathering",0
"133",3.14011512301026,0.119795861074389,"Gathering",0
"134",3.16388576495671,0.119617289461553,"Gathering",0
"135",3.18765640690316,0.119438683706969,"Gathering",0
"136",3.21142704884961,0.119261355577785,"Gathering",0
"137",3.23519769079606,0.119086585273647,"Gathering",0
"138",3.25896833274251,0.118915599107962,"Gathering",0
"139",3.28273897468896,0.118749548981259,"Gathering",0
"140",3.30650961663541,0.118589494084897,"Gathering",0
"141",3.33028025858186,0.118436385191057,"Gathering",0
"142",3.35405090052831,0.118291051795024,"Gathering",0
"143",3.37782154247476,0.118154192281268,"Gathering",0
"144",3.40159218442121,0.11802636718921,"Gathering",0
"145",3.42536282636766,0.117907995561032,"Gathering",0
"146",3.44913346831411,0.117799354265703,"Gathering",0
"147",3.47290411026056,0.117701130256764,"Gathering",0
"148",3.49667475220701,0.11761283223145,"Gathering",0
"149",3.52044539415346,0.117534230543719,"Gathering",0
"150",3.54421603609991,0.117465056006091,"Gathering",0
"151",3.56798667804636,0.117404933598372,"Gathering",0
"152",3.59175731999281,0.117353393998105,"Gathering",0
"153",3.61552796193926,0.117309885649944,"Gathering",0
"154",3.63929860388571,0.117273787041451,"Gathering",0
"155",3.66306924583216,0.117244418892523,"Gathering",0
"156",3.68683988777861,0.117221056012845,"Gathering",0
"157",3.71061052972506,0.117202938633817,"Gathering",0
"158",3.73438117167151,0.117189283075291,"Gathering",0
"159",3.75815181361796,0.11717929166052,"Gathering",0
"160",3.78192245556441,0.117172161842136,"Gathering",0
"161",3.80569309751086,0.117167094545524,"Gathering",0
"162",3.8294637394573,0.117163301771549,"Gathering",0
"163",3.85323438140375,0.117160013526756,"Gathering",0
"164",3.8770050233502,0.117156473405726,"Gathering",0
"165",3.90077566529665,0.117151869756114,"Gathering",0
"166",3.9245463072431,0.11714554477917,"Gathering",0
"167",3.94831694918955,0.117136869656218,"Gathering",0
"168",3.972087591136,0.117125262409153,"Gathering",0
"169",3.99585823308245,0.117110192251224,"Gathering",0
"170",4.0196288750289,0.117091183597598,"Gathering",0
"171",4.04339951697535,0.117067819664633,"Gathering",0
"172",4.0671701589218,0.11703974555859,"Gathering",0
"173",4.09094080086825,0.117006670732144,"Gathering",0
"174",4.1147114428147,0.116968370672149,"Gathering",0
"175",4.13848208476115,0.116924687676078,"Gathering",0
"176",4.1622527267076,0.116875530578178,"Gathering",0
"177",4.18602336865405,0.11682087329993,"Gathering",0
"178",4.2097940106005,0.116760752122702,"Gathering",0
"179",4.23356465254695,0.116695261612651,"Gathering",0
"180",4.2573352944934,0.116624549167808,"Gathering",0
"181",4.28110593643985,0.116548808203086,"Gathering",0
"182",4.3048765783863,0.116468138799377,"Gathering",0
"183",4.32864722033275,0.116382803953157,"Gathering",0
"184",4.3524178622792,0.116293248740776,"Gathering",0
"185",4.37618850422565,0.116199756330659,"Gathering",0
"186",4.3999591461721,0.116102601762616,"Gathering",0
"187",4.42372978811855,0.116002040192928,"Gathering",0
"188",4.447500430065,0.115898295394899,"Gathering",0
"189",4.47127107201145,0.115791548841704,"Gathering",0
"190",4.4950417139579,0.115681929691456,"Gathering",0
"191",4.51881235590435,0.115569505976366,"Gathering",0
"192",4.5425829978508,0.115454277269413,"Gathering",0
"193",4.56635363979724,0.115336169064102,"Gathering",0
"194",4.59012428174369,0.11521502905714,"Gathering",0
"195",4.61389492369014,0.115090625471843,"Gathering",0
"196",4.63766556563659,0.114962647503708,"Gathering",0
"197",4.66143620758304,0.114830707910752,"Gathering",0
"198",4.68520684952949,0.114694347712071,"Gathering",0
"199",4.70897749147594,0.114553042900379,"Gathering",0
"200",4.73274813342239,0.114405916743921,"Gathering",0
"201",4.75651877536884,0.114252459590725,"Gathering",0
"202",4.78028941731529,0.114092095615169,"Gathering",0
"203",4.80406005926174,0.113924142140563,"Gathering",0
"204",4.82783070120819,0.113747912950803,"Gathering",0
"205",4.85160134315464,0.113562732468687,"Gathering",0
"206",4.87537198510109,0.113367949955349,"Gathering",0
"207",4.89914262704754,0.113162953412688,"Gathering",0
"208",4.92291326899399,0.112947182885276,"Gathering",0
"209",4.94668391094044,0.112720142879478,"Gathering",0
"210",4.97045455288689,0.112481413644652,"Gathering",0
"211",4.99422519483334,0.112230661093176,"Gathering",0
"212",5.01799583677979,0.111967645171621,"Gathering",0
"213",5.04176647872624,0.111692226533583,"Gathering",0
"214",5.06553712067269,0.111404371404445,"Gathering",0
"215",5.08930776261914,0.111104154568605,"Gathering",0
"216",5.11307840456559,0.110791760449634,"Gathering",0
"217",5.13684904651204,0.110467455418894,"Gathering",0
"218",5.16061968845849,0.110131000200051,"Gathering",0
"219",5.18439033040494,0.109783645383798,"Gathering",0
"220",5.20816097235139,0.109426006249253,"Gathering",0
"221",5.23193161429784,0.109058783072668,"Gathering",0
"222",5.25570225624429,0.108682751680185,"Gathering",0
"223",5.27947289819074,0.10829875293092,"Gathering",0
"224",5.30324354013718,0.10790768133133,"Gathering",0
"225",5.32701418208363,0.107510472989253,"Gathering",0
"226",5.35078482403008,0.107108093119613,"Gathering",0
"227",5.37455546597653,0.106701523313779,"Gathering",0
"228",5.39832610792298,0.106291748781275,"Gathering",0
"229",5.42209674986943,0.105879745766219,"Gathering",0
"230",5.44586739181588,0.105466469331854,"Gathering",0
"231",5.46963803376233,0.105052841695248,"Gathering",0
"232",5.49340867570878,0.104639741280904,"Gathering",0
"233",5.51717931765523,0.104227992647056,"Gathering",0
"234",5.54094995960168,0.103818357422086,"Gathering",0
"235",5.56472060154813,0.103411598407545,"Gathering",0
"236",5.58849124349458,0.103008451700353,"Gathering",0
"237",5.61226188544103,0.102609307841171,"Gathering",0
"238",5.63603252738748,0.102214590434609,"Gathering",0
"239",5.65980316933393,0.101824633422778,"Gathering",0
"240",5.68357381128038,0.101439680551714,"Gathering",0
"241",5.70734445322683,0.101059886264881,"Gathering",0
"242",5.73111509517328,0.100685317989795,"Gathering",0
"243",5.75488573711973,0.100315959762299,"Gathering",0
"244",5.77865637906618,0.0999517171114418,"Gathering",0
"245",5.80242702101263,0.099592423106295,"Gathering",0
"246",5.82619766295908,0.0992378454447574,"Gathering",0
"247",5.84996830490553,0.0988876944436794,"Gathering",0
"248",5.87373894685198,0.0985416317699351,"Gathering",0
"249",5.89750958879843,0.0981992797338757,"Gathering",0
"250",5.92128023074488,0.0978602309504681,"Gathering",0
"251",5.94505087269133,0.0975240581599895,"Gathering",0
"252",5.96882151463778,0.097190323990075,"Gathering",0
"253",5.99259215658422,0.0968586503272725,"Gathering",0
"254",6.01636279853068,0.0965285399962319,"Gathering",0
"255",6.04013344047712,0.0961995368793506,"Gathering",0
"256",6.06390408242357,0.0958712589353169,"Gathering",0
"257",6.08767472437002,0.0955433553863095,"Gathering",0
"258",6.11144536631647,0.0952155109177555,"Gathering",0
"259",6.13521600826292,0.0948874483809321,"Gathering",0
"260",6.15898665020937,0.0945589299197025,"Gathering",0
"261",6.18275729215582,0.0942297564858895,"Gathering",0
"262",6.20652793410227,0.0938997657542845,"Gathering",0
"263",6.23029857604872,0.0935688284968054,"Gathering",0
"264",6.25406921799517,0.0932368435243792,"Gathering",0
"265",6.27783985994162,0.0929037313531673,"Gathering",0
"266",6.30161050188807,0.0925694267971172,"Gathering",0
"267",6.32538114383452,0.092233870729851,"Gathering",0
"268",6.34915178578097,0.0918970012939884,"Gathering",0
"269",6.37292242772742,0.0915587448636336,"Gathering",0
"270",6.39669306967387,0.0912190070846384,"Gathering",0
"271",6.42046371162032,0.090877560845937,"Gathering",0
"272",6.44423435356677,0.0905343103454159,"Gathering",0
"273",6.46800499551322,0.0901890497403806,"Gathering",0
"274",6.49177563745967,0.0898415134103805,"Gathering",0
"275",6.51554627940612,0.0894913826276364,"Gathering",0
"276",6.53931692135257,0.0891382845062625,"Gathering",0
"277",6.56308756329902,0.0887817929712718,"Gathering",0
"278",6.58685820524547,0.08842143180078,"Gathering",0
"279",6.61062884719192,0.0880566797281409,"Gathering",0
"280",6.63439948913837,0.0876869775233063,"Gathering",0
"281",6.65817013108482,0.0873117369067613,"Gathering",0
"282",6.68194077303127,0.0869303510871773,"Gathering",0
"283",6.70571141497772,0.0865422066575733,"Gathering",0
"284",6.72948205692416,0.0861466965362152,"Gathering",0
"285",6.75325269887061,0.0857432335994009,"Gathering",0
"286",6.77702334081706,0.0853312646250394,"Gathering",0
"287",6.80079398276351,0.0849102841495366,"Gathering",0
"288",6.82456462470996,0.0844797248168797,"Gathering",0
"289",6.84833526665641,0.0840388130612008,"Gathering",0
"290",6.87210590860286,0.0835877675229675,"Gathering",0
"291",6.89587655054931,0.0831264196385125,"Gathering",0
"292",6.91964719249576,0.0826547045009631,"Gathering",0
"293",6.94341783444221,0.0821726654809836,"Gathering",0
"294",6.96718847638866,0.0816804564994107,"Gathering",0
"295",6.99095911833511,0.0811783418842865,"Gathering",0
"296",7.01472976028156,0.0806666938130955,"Gathering",0
"297",7.03850040222801,0.0801459874083335,"Gathering",0
"298",7.06227104417446,0.0796167936189208,"Gathering",0
"299",7.08604168612091,0.0790797700796116,"Gathering",0
"300",7.10981232806736,0.0785356501938675,"Gathering",0
"301",7.13358297001381,0.0779852307312748,"Gathering",0
"302",7.15735361196026,0.0774293582674304,"Gathering",0
"303",7.18112425390671,0.0768689148214669,"Gathering",0
"304",7.20489489585316,0.0763048030635341,"Gathering",0
"305",7.22866553779961,0.0757379314713481,"Gathering",0
"306",7.25243617974606,0.0751691720053562,"Gathering",0
"307",7.27620682169251,0.0745994844417067,"Gathering",0
"308",7.29997746363896,0.0740297602074266,"Gathering",0
"309",7.32374810558541,0.0734607810502084,"Gathering",0
"310",7.34751874753186,0.0728932698678201,"Gathering",0
"311",7.37128938947831,0.0723278835319508,"Gathering",0
"312",7.39506003142476,0.0717652077387012,"Gathering",0
"313",7.4188306733712,0.0712057539563116,"Gathering",0
"314",7.44260131531766,0.0706499584818995,"Gathering",0
"315",7.46637195726411,0.070098183560346,"Gathering",0
"316",7.49014259921055,0.0695507204614717,"Gathering",0
"317",7.51391324115701,0.069007794357705,"Gathering",0
"318",7.53768388310345,0.0684695707949436,"Gathering",0
"319",7.5614545250499,0.0679361635055614,"Gathering",0
"320",7.58522516699635,0.0674076432757499,"Gathering",0
"321",7.6089958089428,0.0668840475506818,"Gathering",0
"322",7.63276645088925,0.0663653904413058,"Gathering",0
"323",7.6565370928357,0.0658516727866546,"Gathering",0
"324",7.68030773478215,0.0653431360268275,"Gathering",0
"325",7.7040783767286,0.0648396121204782,"Gathering",0
"326",7.72784901867505,0.0643410522504507,"Gathering",0
"327",7.7516196606215,0.0638475004136912,"Gathering",0
"328",7.77539030256795,0.0633590278061279,"Gathering",0
"329",7.7991609445144,0.0628757359238849,"Gathering",0
"330",7.82293158646085,0.0623977578727828,"Gathering",0
"331",7.8467022284073,0.0619252578614017,"Gathering",0
"332",7.87047287035375,0.061458428917646,"Gathering",0
"333",7.8942435123002,0.0609974889322803,"Gathering",0
"334",7.91801415424665,0.0605426751930867,"Gathering",0
"335",7.9417847961931,0.0600942376279639,"Gathering",0
"336",7.96555543813955,0.0596524310224286,"Gathering",0
"337",7.989326080086,0.0592175065147959,"Gathering",0
"338",8.01309672203245,0.0587897026993022,"Gathering",0
"339",8.0368673639789,0.0583692366824625,"Gathering",0
"340",8.06063800592535,0.0579562954403019,"Gathering",0
"341",8.0844086478718,0.0575510603802264,"Gathering",0
"342",8.10817928981825,0.0571540684756597,"Gathering",0
"343",8.1319499317647,0.0567649040713466,"Gathering",0
"344",8.15572057371115,0.0563835516978805,"Gathering",0
"345",8.1794912156576,0.0560099377365899,"Gathering",0
"346",8.20326185760405,0.0556439302034387,"Gathering",0
"347",8.22703249955049,0.0552853402941237,"Gathering",0
"348",8.25080314149695,0.0549339256215139,"Gathering",0
"349",8.2745737834434,0.0545893950125677,"Gathering",0
"350",8.29834442538984,0.054251414673514,"Gathering",0
"351",8.32211506733629,0.0539196154815755,"Gathering",0
"352",8.34588570928274,0.0535936011206841,"Gathering",0
"353",8.36965635122919,0.053272956748931,"Gathering",0
"354",8.39342699317564,0.0529572578679431,"Gathering",0
"355",8.41719763512209,0.0526460790594985,"Gathering",0
"356",8.44096827706854,0.0523390022625666,"Gathering",0
"357",8.46473891901499,0.0520356242841367,"Gathering",0
"358",8.48850956096144,0.0517355632688093,"Gathering",0
"359",8.51228020290789,0.0514385229740224,"Gathering",0
"360",8.53605084485434,0.0511441998771196,"Gathering",0
"361",8.55982148680079,0.0508521872906911,"Gathering",0
"362",8.58359212874724,0.0505622321658945,"Gathering",0
"363",8.60736277069369,0.0502741121285906,"Gathering",0
"364",8.63113341264014,0.0499876321658865,"Gathering",0
"365",8.65490405458659,0.0497026199559337,"Gathering",0
"366",8.67867469653304,0.0494189200433784,"Gathering",0
"367",8.70244533847949,0.0491363871022949,"Gathering",0
"368",8.72621598042594,0.0488548785585572,"Gathering",0
"369",8.74998662237239,0.0485742468636977,"Gathering",0
"370",8.77375726431884,0.0482943317219929,"Gathering",0
"371",8.79752790626529,0.0480149525718408,"Gathering",0
"372",8.82129854821174,0.0477359016118178,"Gathering",0
"373",8.84506919015819,0.0474569376418344,"Gathering",0
"374",8.86883983210464,0.0471777809615258,"Gathering",0
"375",8.89261047405109,0.0468981095326464,"Gathering",0
"376",8.91638111599754,0.0466175565711835,"Gathering",0
"377",8.94015175794399,0.0463356354167483,"Gathering",0
"378",8.96392239989044,0.0460518656355731,"Gathering",0
"379",8.98769304183688,0.0457657690942877,"Gathering",0
"380",9.01146368378333,0.0454768014896927,"Gathering",0
"381",9.03523432572978,0.0451843881762928,"Gathering",0
"382",9.05900496767623,0.0448879316781587,"Gathering",0
"383",9.08277560962268,0.044586820373162,"Gathering",0
"384",9.10654625156913,0.0442804381499502,"Gathering",0
"385",9.13031689351558,0.0439681748166447,"Gathering",0
"386",9.15408753546203,0.043649437025185,"Gathering",0
"387",9.17785817740848,0.0433236594664562,"Gathering",0
"388",9.20162881935493,0.042990316088624,"Gathering",0
"389",9.22539946130138,0.0426489310940888,"Gathering",0
"390",9.24917010324783,0.0422990894787024,"Gathering",0
"391",9.27294074519428,0.0419404468897903,"Gathering",0
"392",9.29671138714073,0.0415727385964803,"Gathering",0
"393",9.32048202908718,0.0411957873861911,"Gathering",0
"394",9.34425267103363,0.040809510224238,"Gathering",0
"395",9.36802331298008,0.040413378377956,"Gathering",0
"396",9.39179395492653,0.0400080515707294,"Gathering",0
"397",9.41556459687298,0.0395938163992067,"Gathering",0
"398",9.43933523881943,0.039171026702278,"Gathering",0
"399",9.46310588076588,0.0387401401365744,"Gathering",0
"400",9.48687652271233,0.0383017148077983,"Gathering",0
"401",9.51064716465878,0.0378564043209814,"Gathering",0
"402",9.53441780660523,0.0374049513201972,"Gathering",0
"403",9.55818844855168,0.0369481796119706,"Gathering",0
"404",9.58195909049813,0.0364869849889077,"Gathering",0
"405",9.60572973244458,0.0360223248907205,"Gathering",0
"406",9.62950037439103,0.0355552070586971,"Gathering",0
"407",9.65327101633748,0.0350866773565618,"Gathering",0
"408",9.67704165828393,0.0346178069453836,"Gathering",0
"409",9.70081230023037,0.0341496790124964,"Gathering",0
"410",9.72458294217683,0.0336833752640342,"Gathering",0
"411",9.74835358412327,0.0332199623974079,"Gathering",0
"412",9.77212422606972,0.0327605504787341,"Gathering",0
"413",9.79589486801617,0.0323063894112185,"Gathering",0
"414",9.81966550996262,0.0318582141585094,"Gathering",0
"415",9.84343615190907,0.0314168860997433,"Gathering",0
"416",9.86720679385552,0.030983188631943,"Gathering",0
"417",9.89097743580197,0.0305578186326159,"Gathering",0
"418",9.91474807774842,0.030141379372419,"Gathering",0
"419",9.93851871969487,0.0297343749944238,"Gathering",0
"420",9.96228936164132,0.0293372066467367,"Gathering",0
"421",9.98606000358777,0.0289501703228928,"Gathering",0
"422",10.0098306455342,0.028573456430226,"Gathering",0
"423",10.0336012874807,0.0282071510710909,"Gathering",0
"424",10.0573719294271,0.0278512389862415,"Gathering",0
"425",10.0811425713736,0.027505608074766,"Gathering",0
"426",10.10491321332,0.0271700553717001,"Gathering",0
"427",10.1286838552665,0.0268442943337358,"Gathering",0
"428",10.1524544972129,0.0265279632562345,"Gathering",0
"429",10.1762251391594,0.0262206346218976,"Gathering",0
"430",10.1999957811058,0.0259220851755469,"Gathering",0
"431",10.2237664230523,0.0256317129825399,"Gathering",0
"432",10.2475370649987,0.0253486877773517,"Gathering",0
"433",10.2713077069452,0.0250724214362353,"Gathering",0
"434",10.2950783488916,0.0248023159148759,"Gathering",0
"435",10.3188489908381,0.0245377731081829,"Gathering",0
"436",10.3426196327845,0.0242782040073584,"Gathering",0
"437",10.366390274731,0.0240230370064112,"Gathering",0
"438",10.3901609166774,0.0237717252411307,"Gathering",0
"439",10.4139315586239,0.0235237528764517,"Gathering",0
"440",10.4377022005703,0.023278640291964,"Gathering",0
"441",10.4614728425168,0.023035948148847,"Gathering",0
"442",10.4852434844632,0.0227952803535808,"Gathering",0
"443",10.5090141264097,0.0225562859633064,"Gathering",0
"444",10.5327847683561,0.0223186601037151,"Gathering",0
"445",10.5565554103026,0.0220821439920177,"Gathering",0
"446",10.580326052249,0.0218465241742663,"Gathering",0
"447",10.6040966941955,0.0216116310976535,"Gathering",0
"448",10.6278673361419,0.0213773630458861,"Gathering",0
"449",10.6516379780884,0.0211436068927549,"Gathering",0
"450",10.6754086200348,0.0209103113807838,"Gathering",0
"451",10.6991792619813,0.0206774657681194,"Gathering",0
"452",10.7229499039277,0.0204450895290783,"Gathering",0
"453",10.7467205458742,0.0202132294749433,"Gathering",0
"454",10.7704911878206,0.0199819569577228,"Gathering",0
"455",10.7942618297671,0.0197513651885112,"Gathering",0
"456",10.8180324717135,0.0195215666845005,"Gathering",0
"457",10.84180311366,0.019292690843046,"Gathering",0
"458",10.8655737556064,0.0190648816281874,"Gathering",0
"459",10.8893443975529,0.0188382953452127,"Gathering",0
"460",10.9131150394993,0.0186130984725644,"Gathering",0
"461",10.9368856814458,0.0183894655177765,"Gathering",0
"462",10.9606563233922,0.0181675768651382,"Gathering",0
"463",10.9844269653387,0.0179476165871484,"Gathering",0
"464",11.0081976072851,0.0177297701991396,"Gathering",0
"465",11.0319682492316,0.0175142373634414,"Gathering",0
"466",11.055738891178,0.0173013410962845,"Gathering",0
"467",11.0795095331245,0.0170911228381135,"Gathering",0
"468",11.1032801750709,0.0168837476405955,"Gathering",0
"469",11.1270508170174,0.0166793692086793,"Gathering",0
"470",11.1508214589638,0.0164781275564044,"Gathering",0
"471",11.1745921009103,0.0162801468038273,"Gathering",0
"472",11.1983627428567,0.0160855331743078,"Gathering",0
"473",11.2221333848032,0.0158943732506863,"Gathering",0
"474",11.2459040267496,0.0157067325450659,"Gathering",0
"475",11.2696746686961,0.0155226544301766,"Gathering",0
"476",11.2934453106425,0.0153421594709635,"Gathering",0
"477",11.317215952589,0.0151652451835664,"Gathering",0
"478",11.3409865945354,0.0149918862358004,"Gathering",0
"479",11.3647572364819,0.0148220350892257,"Gathering",0
"480",11.3885278784283,0.014655623068573,"Gathering",0
"481",11.4122985203748,0.0144925618303443,"Gathering",0
"482",11.4360691623212,0.0143327451894699,"Gathering",0
"483",11.4598398042677,0.0141761240254763,"Gathering",0
"484",11.4836104462141,0.0140225929791519,"Gathering",0
"485",11.5073810881606,0.0138718820819387,"Gathering",0
"486",11.531151730107,0.0137238362820396,"Gathering",0
"487",11.5549223720535,0.0135782958941361,"Gathering",0
"488",11.5786930139999,0.0134350991798704,"Gathering",0
"489",11.6024636559463,0.0132940847907175,"Gathering",0
"490",11.6262342978928,0.0131550940210142,"Gathering",0
"491",11.6500049398392,0.0130179728291611,"Gathering",0
"492",11.6737755817857,0.0128825735963187,"Gathering",0
"493",11.6975462237321,0.0127487566037366,"Gathering",0
"494",11.7213168656786,0.0126163912216562,"Gathering",0
"495",11.745087507625,0.012485356813991,"Gathering",0
"496",11.7688581495715,0.0123555433732552,"Gathering",0
"497",11.7926287915179,0.0122268519090578,"Gathering",0
"498",11.8163994334644,0.0120991946205872,"Gathering",0
"499",11.8401700754108,0.0119724948886335,"Gathering",0
"500",11.8639407173573,0.0118466871256812,"Gathering",0
"501",11.8877113593037,0.0117217503949477,"Gathering",0
"502",11.9114820012502,0.0115976191566909,"Gathering",0
"503",11.9352526431966,0.0114742439927747,"Gathering",0
"504",11.9590232851431,0.0113516024695131,"Gathering",0
"505",11.9827939270895,0.011229681516542,"Gathering",0
"506",12.006564569036,0.0111084771597804,"Gathering",0
"507",12.0303352109824,0.0109879942964128,"Gathering",0
"508",12.0541058529289,0.0108682465058829,"Gathering",0
"509",12.0778764948753,0.0107492558837123,"Gathering",0
"510",12.1016471368218,0.0106310528788017,"Gathering",0
"511",12.1254177787682,0.0105136761100374,"Gathering",0
"512",12.1491884207147,0.0103971721347535,"Gathering",0
"513",12.1729590626611,0.0102815951400682,"Gathering",0
"514",12.1967297046076,0.0101670065283983,"Gathering",0
"515",12.220500346554,0.0100534743705855,"Gathering",0
"516",12.2442709885005,0.00994107270395328,"Gathering",0
"517",12.2680416304469,0.00982988065811848,"Gathering",0
"518",12.2918122723934,0.00971998139827275,"Gathering",0
"519",12.3155829143398,0.00961155156884229,"Gathering",0
"520",12.3393535562863,0.0095046027501433,"Gathering",0
"521",12.3631241982327,0.00939921836578988,"Gathering",0
"522",12.3868948401792,0.00929548248991643,"Gathering",0
"523",12.4106654821256,0.00919347484800007,"Gathering",0
"524",12.4344361240721,0.00909326894073589,"Gathering",0
"525",12.4582067660185,0.00899493018241609,"Gathering",0
"526",12.481977407965,0.00889851410691989,"Gathering",0
"527",12.5057480499114,0.00880406469553981,"Gathering",0
"528",12.5295186918579,0.00871161287989419,"Gathering",0
"529",12.5532893338043,0.00862117527009992,"Gathering",0
"530",12.5770599757508,0.0085327531532804,"Gathering",0
"531",12.6008306176972,0.00844633180052508,"Gathering",0
"532",12.6246012596437,0.00836188011183982,"Gathering",0
"533",12.6483719015901,0.00827935061874254,"Gathering",0
"534",12.6721425435366,0.008198679853336,"Gathering",0
"535",12.695913185483,0.00811978908134061,"Gathering",0
"536",12.7196838274295,0.00804261078972643,"Gathering",0
"537",12.7434544693759,0.00796707842043948,"Gathering",0
"538",12.7672251113224,0.00789299318546615,"Gathering",0
"539",12.7909957532688,0.00782022785991584,"Gathering",0
"540",12.8147663952153,0.00774864894446115,"Gathering",0
"541",12.8385370371617,0.0076781189540175,"Gathering",0
"542",12.8623076791082,0.00760849874816811,"Gathering",0
"543",12.8860783210546,0.00753964984332082,"Gathering",0
"544",12.9098489630011,0.00747143664933246,"Gathering",0
"545",12.9336196049475,0.0074037285779715,"Gathering",0
"546",12.957390246894,0.00733640197684827,"Gathering",0
"547",12.9811608888404,0.00726934184999868,"Gathering",0
"548",13.0049315307869,0.00720244333478746,"Gathering",0
"549",13.0287021727333,0.00713561291380131,"Gathering",0
"550",13.0524728146798,0.00706876934951802,"Gathering",0
"551",13.0762434566262,0.00700184433836675,"Gathering",0
"552",13.1000140985727,0.00693478288896525,"Gathering",0
"553",13.1237847405191,0.00686754343651006,"Gathering",0
"554",13.1475553824656,0.00680009003702906,"Gathering",0
"555",13.171326024412,0.00673240851137447,"Gathering",0
"556",13.1950966663585,0.00666450444512332,"Gathering",0
"557",13.2188673083049,0.00659638880121001,"Gathering",0
"558",13.2426379502514,0.00652808300894159,"Gathering",0
"559",13.2664085921978,0.00645961794207204,"Gathering",0
"560",13.2901792341443,0.0063910328112598,"Gathering",0
"561",13.3139498760907,0.00632237398869456,"Gathering",0
"562",13.3377205180372,0.00625369377941504,"Gathering",0
"563",13.3614911599836,0.00618504915083448,"Gathering",0
"564",13.3852618019301,0.00611650042952737,"Gathering",0
"565",13.4090324438765,0.00604810997264172,"Gathering",0
"566",13.432803085823,0.00597994082055374,"Gathering",0
"567",13.4565737277694,0.00591205533767086,"Gathering",0
"568",13.4803443697159,0.00584451384962932,"Gathering",0
"569",13.5041150116623,0.00577737328745417,"Gathering",0
"570",13.5278856536088,0.00571068585240784,"Gathering",0
"571",13.5516562955552,0.00564449771902566,"Gathering",0
"572",13.5754269375017,0.00557887810189979,"Gathering",0
"573",13.5991975794481,0.00551383558977926,"Gathering",0
"574",13.6229682213946,0.00544938321768606,"Gathering",0
"575",13.646738863341,0.00538552919990486,"Gathering",0
"576",13.6705095052875,0.00532227060685718,"Gathering",0
"577",13.6942801472339,0.00525959299208793,"Gathering",0
"578",13.7180507891804,0.00519747028481472,"Gathering",0
"579",13.7418214311268,0.00513586497452858,"Gathering",0
"580",13.7655920730733,0.0050747286079171,"Gathering",0
"581",13.7893627150197,0.0050140026105511,"Gathering",0
"582",13.8131333569662,0.00495361943656835,"Gathering",0
"583",13.8369039989126,0.00489350403931703,"Gathering",0
"584",13.8606746408591,0.00483357564496856,"Gathering",0
"585",13.8844452828055,0.00477374979990931,"Gathering",0
"586",13.908215924752,0.00471394065173639,"Gathering",0
"587",13.9319865666984,0.00465406341339106,"Gathering",0
"588",13.9557572086449,0.0045940369508283,"Gathering",0
"589",13.9795278505913,0.00453378411583696,"Gathering",0
"590",14.0032984925378,0.00447322091758139,"Gathering",0
"591",14.0270691344842,0.0044123084098762,"Gathering",0
"592",14.0508397764307,0.0043510095920687,"Gathering",0
"593",14.0746104183771,0.00428930392147097,"Gathering",0
"594",14.0983810603236,0.00422718894756246,"Gathering",0
"595",14.12215170227,0.0041646815428958,"Gathering",0
"596",14.1459223442165,0.00410181868555013,"Gathering",0
"597",14.1696929861629,0.00403865776039805,"Gathering",0
"598",14.1934636281094,0.00397527635998037,"Gathering",0
"599",14.2172342700558,0.00391177157993858,"Gathering",0
"600",14.2410049120023,0.00384825881824538,"Gathering",0
"601",14.2647755539487,0.00378487010140929,"Gathering",0
"602",14.2885461958952,0.00372175197394884,"Gathering",0
"603",14.3123168378416,0.00365906299931017,"Gathering",0
"604",14.3360874797881,0.00359697093067612,"Gathering",0
"605",14.3598581217345,0.00353564961848647,"Gathering",0
"606",14.383628763681,0.00347527572774184,"Gathering",0
"607",14.4073994056274,0.00341605984202776,"Gathering",0
"608",14.4311700475739,0.00335820412421999,"Gathering",0
"609",14.4549406895203,0.00330182875523019,"Gathering",0
"610",14.4787113314668,0.00324708443825061,"Gathering",0
"611",14.5024819734132,0.003194107305144,"Gathering",0
"612",14.5262526153597,0.00314301623938926,"Gathering",0
"613",14.5500232573061,0.00309391053263281,"Gathering",0
"614",14.5737938992526,0.00304686791574389,"Gathering",0
"615",14.597564541199,0.00300194299568772,"Gathering",0
"616",14.6213351831455,0.00295916611989481,"Gathering",0
"617",14.6451058250919,0.00291854268039464,"Gathering",0
"618",14.6688764670384,0.00288005286103596,"Gathering",0
"619",14.6926471089848,0.0028436518228265,"Gathering",0
"620",14.7164177509313,0.00280927031493478,"Gathering",0
"621",14.7401883928777,0.00277681569230071,"Gathering",0
"622",14.7639590348242,0.00274617331514218,"Gathering",0
"623",14.7877296767706,0.00271720830092469,"Gathering",0
"624",14.8115003187171,0.00268976759553518,"Gathering",0
"625",14.8352709606635,0.00266373384293744,"Gathering",0
"626",14.85904160261,0.00263887274179496,"Gathering",0
"627",14.8828122445564,0.00261496484140666,"Gathering",0
"628",14.9065828865029,0.002591809657739,"Gathering",0
"629",14.9303535284493,0.00256920334238452,"Gathering",0
"630",14.9541241703958,0.00254694184697728,"Gathering",0
"631",14.9778948123422,0.00252482409807318,"Gathering",0
"632",15.0016654542887,0.00250265513915771,"Gathering",0
"633",15.0254360962351,0.00248024919644388,"Gathering",0
"634",15.0492067381816,0.00245743262528933,"Gathering",0
"635",15.072977380128,0.00243404669445799,"Gathering",0
"636",15.0967480220745,0.00240995016615696,"Gathering",0
"637",15.1205186640209,0.00238502163088932,"Gathering",0
"638",15.1442893059674,0.00235916155777656,"Gathering",0
"639",15.1680599479138,0.00233229402322069,"Gathering",0
"640",15.1918305898602,0.00230436808368574,"Gathering",0
"641",15.2156012318067,0.00227535876205656,"Gathering",0
"642",15.2393718737532,0.00224526762153174,"Gathering",0
"643",15.2631425156996,0.0022140604939702,"Gathering",0
"644",15.286913157646,0.00218186554720694,"Gathering",0
"645",15.3106837995925,0.00214876868880882,"Gathering",0
"646",15.3344544415389,0.00211487917730579,"Gathering",0
"647",15.3582250834854,0.00208032824765208,"Gathering",0
"648",15.3819957254318,0.00204526686012917,"Gathering",0
"649",15.4057663673783,0.00200986307001991,"Gathering",0
"650",15.4295370093247,0.00197429905883274,"Gathering",0
"651",15.4533076512712,0.0019387678758998,"Gathering",0
"652",15.4770782932176,0.0019034699464897,"Gathering",0
"653",15.5008489351641,0.00186860940893394,"Gathering",0
"654",15.5246195771105,0.00183439034845588,"Gathering",0
"655",15.548390219057,0.00180101299922326,"Gathering",0
"656",15.5721608610034,0.0017686699884676,"Gathering",0
"657",15.5959315029499,0.00173754269720581,"Gathering",0
"658",15.6197021448963,0.00170779781108665,"Gathering",0
"659",15.6434727868428,0.00167958413213619,"Gathering",0
"660",15.6672434287892,0.00165306160027874,"Gathering",0
"661",15.6910140707357,0.00162839054530025,"Gathering",0
"662",15.7147847126821,0.001605568890956,"Gathering",0
"663",15.7385553546286,0.00158464329362506,"Gathering",0
"664",15.762325996575,0.00156563250769295,"Gathering",0
"665",15.7860966385215,0.00154852712212742,"Gathering",0
"666",15.8098672804679,0.00153328983945418,"Gathering",0
"667",15.8336379224144,0.00151985628659904,"Gathering",0
"668",15.8574085643608,0.0015081363352905,"Gathering",0
"669",15.8811792063073,0.00149801589852354,"Gathering",0
"670",15.9049498482537,0.00148935915925551,"Gathering",0
"671",15.9287204902002,0.00148201117830522,"Gathering",0
"672",15.9524911321466,0.00147580082058989,"Gathering",0
"673",15.9762617740931,0.00147054393256076,"Gathering",0
"674",16.0000324160395,0.00146604669914577,"Gathering",0
"675",16.023803057986,0.00146210910578671,"Gathering",0
"676",16.0475736999324,0.00145852843033156,"Gathering",0
"677",16.0713443418789,0.00145510269062028,"Gathering",0
"678",16.0951149838253,0.00145162476431904,"Gathering",0
"679",16.1188856257718,0.00144788726624508,"Gathering",0
"680",16.1426562677182,0.00144371384253509,"Gathering",0
"681",16.1664269096647,0.00143894019488442,"Gathering",0
"682",16.1901975516111,0.00143341756380969,"Gathering",0
"683",16.2139681935576,0.00142701446135128,"Gathering",0
"684",16.237738835504,0.00141961800715303,"Gathering",0
"685",16.2615094774505,0.00141113486294349,"Gathering",0
"686",16.2852801193969,0.00140149177060511,"Gathering",0
"687",16.3090507613434,0.00139063570853021,"Gathering",0
"688",16.3328214032898,0.00137853368956267,"Gathering",0
"689",16.3565920452363,0.0013651722312826,"Gathering",0
"690",16.3803626871827,0.00135055653552354,"Gathering",0
"691",16.4041333291292,0.00133470941867859,"Gathering",0
"692",16.4279039710756,0.00131767003746701,"Gathering",0
"693",16.4516746130221,0.00129949245636465,"Gathering",0
"694",16.4754452549685,0.00128024410287302,"Gathering",0
"695",16.499215896915,0.0012600041552893,"Gathering",0
"696",16.5229865388614,0.00123881846767993,"Gathering",0
"697",16.5467571808079,0.00121683472037242,"Gathering",0
"698",16.5705278227543,0.00119416654606197,"Gathering",0
"699",16.5942984647008,0.00117092469774277,"Gathering",0
"700",16.6180691066472,0.00114722352131907,"Gathering",0
"701",16.6418397485937,0.00112317969417705,"Gathering",0
"702",16.6656103905401,0.00109891107703489,"Gathering",0
"703",16.6893810324866,0.00107453567784603,"Gathering",0
"704",16.713151674433,0.00105017072194211,"Gathering",0
"705",16.7369223163795,0.0010259318188955,"Gathering",0
"706",16.7606929583259,0.00100193221385221,"Gathering",0
"707",16.7844636002724,0.000978282109383208,"Gathering",0
"708",16.8082342422188,0.000955088043226933,"Gathering",0
"709",16.8320048841653,0.000932452307605519,"Gathering",0
"710",16.8557755261117,0.00091047239700803,"Gathering",0
"711",16.8795461680582,0.000889240473325033,"Gathering",0
"712",16.9033168100046,0.000868842839842705,"Gathering",0
"713",16.9270874519511,0.000849369044400066,"Gathering",0
"714",16.9508580938975,0.000830941056612084,"Gathering",0
"715",16.974628735844,0.000813573383171695,"Gathering",0
"716",16.9983993777904,0.000797321810051785,"Gathering",0
"717",17.0221700197369,0.000782233555637992,"Gathering",0
"718",17.0459406616833,0.000768346821475863,"Gathering",0
"719",17.0697113036298,0.000755690389593903,"Gathering",0
"720",17.0934819455762,0.000744283280633493,"Gathering",0
"721",17.1172525875227,0.00073413448718603,"Gathering",0
"722",17.1410232294691,0.000725242796235466,"Gathering",0
"723",17.1647938714156,0.000717596713473667,"Gathering",0
"724",17.188564513362,0.000711174500564106,"Gathering",0
"725",17.2123351553085,0.000705944334260237,"Gathering",0
"726",17.2361057972549,0.000701864593735765,"Gathering",0
"727",17.2598764392014,0.000698884279658742,"Gathering",0
"728",17.2836470811478,0.000696943565545383,"Gathering",0
"729",17.3074177230943,0.000695974478865678,"Gathering",0
"730",17.3311883650407,0.00069590170633569,"Gathering",0
"731",17.3549590069872,0.000696663739024101,"Gathering",0
"732",17.3787296489336,0.000698169722795514,"Gathering",0
"733",17.4025002908801,0.000700298771502866,"Gathering",0
"734",17.4262709328265,0.000702956132170477,"Gathering",0
"735",17.450041574773,0.000706045618535521,"Gathering",0
"736",17.4738122167194,0.000709470897082508,"Gathering",0
"737",17.4975828586659,0.000713136777664499,"Gathering",0
"738",17.5213535006123,0.000716950487005196,"Gathering",0
"739",17.5451241425588,0.000720822903149497,"Gathering",0
"740",17.5688947845052,0.000724669729055847,"Gathering",0
"741",17.5926654264517,0.000728412584012146,"Gathering",0
"742",17.6164360683981,0.000731979992417613,"Gathering",0
"743",17.6402067103446,0.000735308250719317,"Gathering",0
"744",17.663977352291,0.000738342154936803,"Gathering",0
"745",17.6877479942375,0.000741035573261138,"Gathering",0
"746",17.7115186361839,0.000743351850681262,"Gathering",0
"747",17.7352892781304,0.000745264035465132,"Gathering",0
"748",17.7590599200768,0.000746754920590706,"Gathering",0
"749",17.7828305620233,0.00074779705274092,"Gathering",0
"750",17.8066012039697,0.000748406075010649,"Gathering",0
"751",17.8303718459162,0.000748601419660855,"Gathering",0
"752",17.8541424878626,0.000748402980681396,"Gathering",0
"753",17.8779131298091,0.000747837519228737,"Gathering",0
"754",17.9016837717555,0.000746937627934735,"Gathering",0
"755",17.925454413702,0.000745740590532651,"Gathering",0
"756",17.9492250556484,0.000744287164050554,"Gathering",0
"757",17.9729956975949,0.000742620313229866,"Gathering",0
"758",17.9967663395413,0.000740783928443045,"Gathering",0
"759",18.0205369814878,0.000738821559114004,"Gathering",0
"760",18.0443076234342,0.00073677519442192,"Gathering",0
"761",18.0680782653807,0.000734684121862194,"Gathering",0
"762",18.0918489073271,0.000732583892053401,"Gathering",0
"763",18.1156195492736,0.000730505415061555,"Gathering",0
"764",18.13939019122,0.000728474209547503,"Gathering",0
"765",18.1631608331665,0.000726509821352118,"Gathering",0
"766",18.1869314751129,0.000724625543571585,"Gathering",0
"767",18.2107021170594,0.000722833158669763,"Gathering",0
"768",18.2344727590058,0.000721126245845996,"Gathering",0
"769",18.2582434009523,0.00071949700543886,"Gathering",0
"770",18.2820140428987,0.000717931662592262,"Gathering",0
"771",18.3057846848452,0.000716410991913311,"Gathering",0
"772",18.3295553267916,0.000714910959736923,"Gathering",0
"773",18.3533259687381,0.000713403458593033,"Gathering",0
"774",18.3770966106845,0.000711857106935085,"Gathering",0
"775",18.400867252631,0.000710238086712413,"Gathering",0
"776",18.4246378945774,0.000708510991933282,"Gathering",0
"777",18.4484085365239,0.000706639662905866,"Gathering",0
"778",18.4721791784703,0.000704587983255857,"Gathering",0
"779",18.4959498204168,0.000702320619962962,"Gathering",0
"780",18.5197204623632,0.000699803690367358,"Gathering",0
"781",18.5434911043097,0.000697005344184949,"Gathering",0
"782",18.5672617462561,0.000693896252841234,"Gathering",0
"783",18.5910323882026,0.000690450002691048,"Gathering",0
"784",18.614803030149,0.000686635821379494,"Gathering",0
"785",18.6385736720955,0.000682423389644035,"Gathering",0
"786",18.6623443140419,0.000677813055004981,"Gathering",0
"787",18.6861149559884,0.000672792945505812,"Gathering",0
"788",18.7098855979348,0.000667354742694952,"Gathering",0
"789",18.7336562398813,0.000661493607687563,"Gathering",0
"790",18.7574268818277,0.000655208077811899,"Gathering",0
"791",18.7811975237741,0.00064849994551047,"Gathering",0
"792",18.8049681657206,0.000641374129737098,"Gathering",0
"793",18.8287388076671,0.000633838548263884,"Gathering",0
"794",18.8525094496135,0.000625903997215394,"Gathering",0
"795",18.8762800915599,0.000617584041911505,"Gathering",0
"796",18.9000507335064,0.000608894920853145,"Gathering",0
"797",18.9238213754528,0.000599855462544441,"Gathering",0
"798",18.9475920173993,0.000590487012913471,"Gathering",0
"799",18.9713626593457,0.000580813369457616,"Gathering",0
"800",18.9951333012922,0.00057086071696136,"Gathering",0
"801",19.0189039432386,0.000560657558757008,"Gathering",0
"802",19.0426745851851,0.000550227627698758,"Gathering",0
"803",19.0664452271315,0.000539610013000285,"Gathering",0
"804",19.090215869078,0.00052884556025326,"Gathering",0
"805",19.1139865110244,0.00051797138594592,"Gathering",0
"806",19.1377571529709,0.000507026216670716,"Gathering",0
"807",19.1615277949173,0.00049605015212286,"Gathering",0
"808",19.1852984368638,0.000485084389790324,"Gathering",0
"809",19.2090690788102,0.000474170911964873,"Gathering",0
"810",19.2328397207567,0.000463352137127536,"Gathering",0
"811",19.2566103627031,0.000452670539101201,"Gathering",0
"812",19.2803810046496,0.000442168238575477,"Gathering",0
"813",19.304151646596,0.000431886572663201,"Gathering",0
"814",19.3279222885425,0.000421865649020316,"Gathering",0
"815",19.3516929304889,0.000412143891736382,"Gathering",0
"816",19.3754635724354,0.00040275758667585,"Gathering",0
"817",19.3992342143818,0.000393740434219781,"Gathering",0
"818",19.4230048563283,0.000385123117430459,"Gathering",0
"819",19.4467754982747,0.000376932893548201,"Gathering",0
"820",19.4705461402212,0.000369219978765286,"Gathering",0
"821",19.4943167821676,0.000361981965166179,"Gathering",0
"822",19.5180874241141,0.000355229571874949,"Gathering",0
"823",19.5418580660605,0.000348971906117852,"Gathering",0
"824",19.565628708007,0.000343213180068843,"Gathering",0
"825",19.5893993499534,0.000337952610480763,"Gathering",0
"826",19.6131699918999,0.000333184382583252,"Gathering",0
"827",19.6369406338463,0.000328897679987158,"Gathering",0
"828",19.6607112757928,0.000325076781399255,"Gathering",0
"829",19.6844819177392,0.000321701224034121,"Gathering",0
"830",19.7082525596857,0.000318746032725062,"Gathering",0
"831",19.7320232016321,0.000316182012892412,"Gathering",0
"832",19.7557938435786,0.000313976104731341,"Gathering",0
"833",19.779564485525,0.000312091795236048,"Gathering",0
"834",19.8033351274715,0.000310489583982828,"Gathering",0
"835",19.8271057694179,0.000309127497947925,"Gathering",0
"836",19.8508764113644,0.000307961650031941,"Gathering",0
"837",19.8746470533108,0.000306948006141382,"Gathering",0
"838",19.8984176952573,0.000306041109801104,"Gathering",0
"839",19.9221883372037,0.00030518731867795,"Gathering",0
"840",19.9459589791502,0.000304341675587941,"Gathering",0
"841",19.9697296210966,0.000303460743984772,"Gathering",0
"842",19.9935002630431,0.000302503280303975,"Gathering",0
"843",0.0186271394381017,0.0614315990419206,"Hunting",0
"844",0.0423779649348897,0.0640589760718243,"Hunting",0
"845",0.0661287904316774,0.0666385798781501,"Hunting",0
"846",0.0898796159284654,0.0691609755148095,"Hunting",0
"847",0.113630441425253,0.0716174820713995,"Hunting",0
"848",0.137381266922041,0.0740002695364124,"Hunting",0
"849",0.161132092418829,0.0763024391856036,"Hunting",0
"850",0.184882917915617,0.0785180861074086,"Hunting",0
"851",0.208633743412405,0.0806423429273457,"Hunting",0
"852",0.232384568909193,0.0826714042623905,"Hunting",0
"853",0.256135394405981,0.0846025319102605,"Hunting",0
"854",0.279886219902769,0.0864294393374296,"Hunting",0
"855",0.303637045399557,0.0881541484942237,"Hunting",0
"856",0.327387870896345,0.0897791383641594,"Hunting",0
"857",0.351138696393133,0.0913058084419519,"Hunting",0
"858",0.374889521889921,0.0927363634732728,"Hunting",0
"859",0.398640347386709,0.0940737241023667,"Hunting",0
"860",0.422391172883497,0.0953214306624641,"Hunting",0
"861",0.446141998380285,0.0964835425598996,"Hunting",0
"862",0.469892823877072,0.0975645356680479,"Hunting",0
"863",0.49364364937386,0.0985692000499646,"Hunting",0
"864",0.517394474870648,0.0995025401752579,"Hunting",0
"865",0.541145300367436,0.100369679594906,"Hunting",0
"866",0.564896125864224,0.101175771796167,"Hunting",0
"867",0.588646951361012,0.101925918687811,"Hunting",0
"868",0.6123977768578,0.102625097873395,"Hunting",0
"869",0.636148602354588,0.103278099566996,"Hunting",0
"870",0.659899427851376,0.10388947370119,"Hunting",0
"871",0.683650253348164,0.104462481446183,"Hunting",0
"872",0.707401078844952,0.105001283675569,"Hunting",0
"873",0.73115190434174,0.105510727658507,"Hunting",0
"874",0.754902729838528,0.105994000992569,"Hunting",0
"875",0.778653555335316,0.10645394176806,"Hunting",0
"876",0.802404380832104,0.106893045976798,"Hunting",0
"877",0.826155206328892,0.107313481307006,"Hunting",0
"878",0.849906031825679,0.10771710623606,"Hunting",0
"879",0.873656857322467,0.108105493317318,"Hunting",0
"880",0.897407682819255,0.108479955573129,"Hunting",0
"881",0.921158508316043,0.108841574949805,"Hunting",0
"882",0.944909333812831,0.109191231857787,"Hunting",0
"883",0.968660159309619,0.109529634907103,"Hunting",0
"884",0.992410984806407,0.109857350050033,"Hunting",0
"885",1.01616181030319,0.110174828455139,"Hunting",0
"886",1.03991263579998,0.110482432555216,"Hunting",0
"887",1.06366346129677,0.110780459832182,"Hunting",0
"888",1.08741428679356,0.111069028104728,"Hunting",0
"889",1.11116511229035,0.111348060856059,"Hunting",0
"890",1.13491593778713,0.111618249243189,"Hunting",0
"891",1.15866676328392,0.111879818247945,"Hunting",0
"892",1.18241758878071,0.112133007495216,"Hunting",0
"893",1.2061684142775,0.112378077431097,"Hunting",0
"894",1.22991923977429,0.112615313214895,"Hunting",0
"895",1.25367006527107,0.112845026591238,"Hunting",0
"896",1.27742089076786,0.113067556026986,"Hunting",0
"897",1.30117171626465,0.113283265404628,"Hunting",0
"898",1.32492254176144,0.113492541560565,"Hunting",0
"899",1.34867336725823,0.113695790944618,"Hunting",0
"900",1.37242419275501,0.113893435657685,"Hunting",0
"901",1.3961750182518,0.114085909099346,"Hunting",0
"902",1.41992584374859,0.114273651427894,"Hunting",0
"903",1.44367666924538,0.114457105003361,"Hunting",0
"904",1.46742749474217,0.114636709950945,"Hunting",0
"905",1.49117832023895,0.114812899949317,"Hunting",0
"906",1.51492914573574,0.114985933641519,"Hunting",0
"907",1.53867997123253,0.115156438076917,"Hunting",0
"908",1.56243079672932,0.115324802249224,"Hunting",0
"909",1.58618162222611,0.115491392891765,"Hunting",0
"910",1.60993244772289,0.115656553536771,"Hunting",0
"911",1.63368327321968,0.115820602377929,"Hunting",0
"912",1.65743409871647,0.115983830357993,"Hunting",0
"913",1.68118492421326,0.116146499435863,"Hunting",0
"914",1.70493574971005,0.116308840990307,"Hunting",0
"915",1.72868657520683,0.116471054323222,"Hunting",0
"916",1.75243740070362,0.116633305233437,"Hunting",0
"917",1.77618822620041,0.116795724641761,"Hunting",0
"918",1.7999390516972,0.116958407258786,"Hunting",0
"919",1.82368987719398,0.117121410298043,"Hunting",0
"920",1.84744070269077,0.117284752247946,"Hunting",0
"921",1.87119152818756,0.117448411726059,"Hunting",0
"922",1.89494235368435,0.117612326447908,"Hunting",0
"923",1.91869317918114,0.117776391365353,"Hunting",0
"924",1.94244400467792,0.117940436147379,"Hunting",0
"925",1.96619483017471,0.118104259371349,"Hunting",0
"926",1.9899456556715,0.118267618987161,"Hunting",0
"927",2.01369648116829,0.11843023041894,"Hunting",0
"928",2.03744730666508,0.118591767360566,"Hunting",0
"929",2.06119813216186,0.11875186301663,"Hunting",0
"930",2.08494895765865,0.118910111818847,"Hunting",0
"931",2.10869978315544,0.119066071641329,"Hunting",0
"932",2.13245060865223,0.119219266531277,"Hunting",0
"933",2.15620143414902,0.119369189964881,"Hunting",0
"934",2.1799522596458,0.119515308631615,"Hunting",0
"935",2.20370308514259,0.119657066743819,"Hunting",0
"936",2.22745391063938,0.119793890862523,"Hunting",0
"937",2.25120473613617,0.119925195224718,"Hunting",0
"938",2.27495556163296,0.120050387551707,"Hunting",0
"939",2.29870638712974,0.120168875312456,"Hunting",0
"940",2.32245721262653,0.120279801500191,"Hunting",0
"941",2.34620803812332,0.120382557089577,"Hunting",0
"942",2.36995886362011,0.120476826945394,"Hunting",0
"943",2.3937096891169,0.120562097277109,"Hunting",0
"944",2.41746051461368,0.120637893437742,"Hunting",0
"945",2.44121134011047,0.120703787959085,"Hunting",0
"946",2.46496216560726,0.12075940857096,"Hunting",0
"947",2.48871299110405,0.120804446090708,"Hunting",0
"948",2.51246381660084,0.120838662054922,"Hunting",0
"949",2.53621464209762,0.120861895951929,"Hunting",0
"950",2.55996546759441,0.120874071901317,"Hunting",0
"951",2.5837162930912,0.120875204616763,"Hunting",0
"952",2.60746711858799,0.12086540448141,"Hunting",0
"953",2.63121794408477,0.120844881561858,"Hunting",0
"954",2.65496876958156,0.120813948388316,"Hunting",0
"955",2.67871959507835,0.120773021335253,"Hunting",0
"956",2.70247042057514,0.120722620449588,"Hunting",0
"957",2.72622124607193,0.120663216693095,"Hunting",0
"958",2.74997207156871,0.120595377703743,"Hunting",0
"959",2.7737228970655,0.120520349837577,"Hunting",0
"960",2.79747372256229,0.120439046952021,"Hunting",0
"961",2.82122454805908,0.12035245478967,"Hunting",0
"962",2.84497537355587,0.120261619042989,"Hunting",0
"963",2.86872619905265,0.120167631772022,"Hunting",0
"964",2.89247702454944,0.120071616363092,"Hunting",0
"965",2.91622785004623,0.119974711264513,"Hunting",0
"966",2.93997867554302,0.119878052779516,"Hunting",0
"967",2.96372950103981,0.119782757235337,"Hunting",0
"968",2.98748032653659,0.119689902879158,"Hunting",0
"969",3.01123115203338,0.119600511874936,"Hunting",0
"970",3.03498197753017,0.11951553278896,"Hunting",0
"971",3.05873280302696,0.119435823955437,"Hunting",0
"972",3.08248362852374,0.119362138105874,"Hunting",0
"973",3.10623445402053,0.119295108627481,"Hunting",0
"974",3.12998527951732,0.119235262330034,"Hunting",0
"975",3.15373610501411,0.119183420311628,"Hunting",0
"976",3.1774869305109,0.119139315744081,"Hunting",0
"977",3.20123775600768,0.119102976062711,"Hunting",0
"978",3.22498858150447,0.119074276124735,"Hunting",0
"979",3.24873940700126,0.119052940832919,"Hunting",0
"980",3.27249023249805,0.119038550542425,"Hunting",0
"981",3.29624105799484,0.119030549116084,"Hunting",0
"982",3.31999188349162,0.119028254429635,"Hunting",0
"983",3.34374270898841,0.11903087107099,"Hunting",0
"984",3.3674935344852,0.119037504928178,"Hunting",0
"985",3.39124435998199,0.119047179320531,"Hunting",0
"986",3.41499518547878,0.119058852298189,"Hunting",0
"987",3.43874601097556,0.119071434716721,"Hunting",0
"988",3.46249683647235,0.119083808687084,"Hunting",0
"989",3.48624766196914,0.11909484600608,"Hunting",0
"990",3.50999848746593,0.119103426188632,"Hunting",0
"991",3.53374931296272,0.119108453749713,"Hunting",0
"992",3.5575001384595,0.119108568783079,"Hunting",0
"993",3.58125096395629,0.119102892796082,"Hunting",0
"994",3.60500178945308,0.119090572783936,"Hunting",0
"995",3.62875261494987,0.119070782713604,"Hunting",0
"996",3.65250344044666,0.11904278936604,"Hunting",0
"997",3.67625426594344,0.119005959330778,"Hunting",0
"998",3.70000509144023,0.11895976413422,"Hunting",0
"999",3.72375591693702,0.118903783571248,"Hunting",0
"1000",3.74750674243381,0.118837707345643,"Hunting",0
"1001",3.7712575679306,0.118761335152751,"Hunting",0
"1002",3.79500839342738,0.118674575357538,"Hunting",0
"1003",3.81875921892417,0.118577442432327,"Hunting",0
"1004",3.84251004442096,0.118470053321379,"Hunting",0
"1005",3.86626086991775,0.118352622894651,"Hunting",0
"1006",3.89001169541454,0.118225458641389,"Hunting",0
"1007",3.91376252091132,0.118088954736971,"Hunting",0
"1008",3.93751334640811,0.117943585594883,"Hunting",0
"1009",3.9612641719049,0.117789609498643,"Hunting",0
"1010",3.98501499740169,0.117627794263901,"Hunting",0
"1011",4.00876582289848,0.117459053122291,"Hunting",0
"1012",4.03251664839526,0.117284117722301,"Hunting",0
"1013",4.05626747389205,0.117103759359441,"Hunting",0
"1014",4.08001829938884,0.116918780313619,"Hunting",0
"1015",4.10376912488563,0.116730004839393,"Hunting",0
"1016",4.12751995038241,0.116538269801141,"Hunting",0
"1017",4.1512707758792,0.116344414958818,"Hunting",0
"1018",4.17502160137599,0.11614927292944,"Hunting",0
"1019",4.19877242687278,0.115953658873753,"Hunting",0
"1020",4.22252325236957,0.115758359985531,"Hunting",0
"1021",4.24627407786635,0.11556412489093,"Hunting",0
"1022",4.27002490336314,0.11537165309579,"Hunting",0
"1023",4.29377572885993,0.115181584647831,"Hunting",0
"1024",4.31752655435672,0.11499449020663,"Hunting",0
"1025",4.34127737985351,0.114810861735351,"Hunting",0
"1026",4.36502820535029,0.114631198441654,"Hunting",0
"1027",4.38877903084708,0.11445591543159,"Hunting",0
"1028",4.41252985634387,0.114285031327136,"Hunting",0
"1029",4.43628068184066,0.114118626253626,"Hunting",0
"1030",4.46003150733745,0.113956672586026,"Hunting",0
"1031",4.48378233283423,0.113799035021913,"Hunting",0
"1032",4.50753315833102,0.113645472720946,"Hunting",0
"1033",4.53128398382781,0.113495643551226,"Hunting",0
"1034",4.5550348093246,0.113349110426603,"Hunting",0
"1035",4.57878563482139,0.113205349660376,"Hunting",0
"1036",4.60253646031817,0.113063761202078,"Hunting",0
"1037",4.62628728581496,0.112923680567264,"Hunting",0
"1038",4.65003811131175,0.112784392217587,"Hunting",0
"1039",4.67378893680854,0.112645144101835,"Hunting",0
"1040",4.69753976230532,0.112505163029883,"Hunting",0
"1041",4.72129058780211,0.112363670522149,"Hunting",0
"1042",4.7450414132989,0.112219898758285,"Hunting",0
"1043",4.76879223879569,0.11207307981172,"Hunting",0
"1044",4.79254306429248,0.111922269645218,"Hunting",0
"1045",4.81629388978926,0.111767015874404,"Hunting",0
"1046",4.84004471528605,0.111606760102582,"Hunting",0
"1047",4.86379554078284,0.111441025398481,"Hunting",0
"1048",4.88754636627963,0.111269424365037,"Hunting",0
"1049",4.91129719177642,0.111091665046021,"Hunting",0
"1050",4.9350480172732,0.110907554581151,"Hunting",0
"1051",4.95879884276999,0.110717000583086,"Hunting",0
"1052",4.98254966826678,0.110520010271413,"Hunting",0
"1053",5.00630049376357,0.110316687457401,"Hunting",0
"1054",5.03005131926036,0.110107227527039,"Hunting",0
"1055",5.05380214475714,0.109891910617126,"Hunting",0
"1056",5.07755297025393,0.109671093218572,"Hunting",0
"1057",5.10130379575072,0.10944519847155,"Hunting",0
"1058",5.12505462124751,0.109214705438076,"Hunting",0
"1059",5.1488054467443,0.10898013764864,"Hunting",0
"1060",5.17255627224108,0.108742051220702,"Hunting",0
"1061",5.19630709773787,0.108500892451585,"Hunting",0
"1062",5.22005792323466,0.108257433888354,"Hunting",0
"1063",5.24380874873145,0.108012278966565,"Hunting",0
"1064",5.26755957422824,0.107765989626086,"Hunting",0
"1065",5.29131039972502,0.107519101205855,"Hunting",0
"1066",5.31506122522181,0.10727211372052,"Hunting",0
"1067",5.3388120507186,0.107025484182297,"Hunting",0
"1068",5.36256287621539,0.106779620007355,"Hunting",0
"1069",5.38631370171217,0.106534873513287,"Hunting",0
"1070",5.41006452720896,0.106291537486143,"Hunting",0
"1071",5.43381535270575,0.106049841772803,"Hunting",0
"1072",5.45756617820254,0.105809950837888,"Hunting",0
"1073",5.48131700369933,0.105571962213921,"Hunting",0
"1074",5.50506782919611,0.105335905769234,"Hunting",0
"1075",5.5288186546929,0.10510174371951,"Hunting",0
"1076",5.55256948018969,0.104869371315389,"Hunting",0
"1077",5.57632030568648,0.104638618149142,"Hunting",0
"1078",5.60007113118327,0.104409293727889,"Hunting",0
"1079",5.62382195668005,0.10418104201862,"Hunting",0
"1080",5.64757278217684,0.103953464027034,"Hunting",0
"1081",5.67132360767363,0.103726140086185,"Hunting",0
"1082",5.69507443317042,0.103498601344429,"Hunting",0
"1083",5.71882525866721,0.103270334660947,"Hunting",0
"1084",5.74257608416399,0.103040788107024,"Hunting",0
"1085",5.76632690966078,0.102809377087033,"Hunting",0
"1086",5.79007773515757,0.102575491080628,"Hunting",0
"1087",5.81382856065436,0.102338500990187,"Hunting",0
"1088",5.83757938615115,0.10209776705574,"Hunting",0
"1089",5.86133021164793,0.101852647274456,"Hunting",0
"1090",5.88508103714472,0.101602506234412,"Hunting",0
"1091",5.90883186264151,0.101346724244275,"Hunting",0
"1092",5.9325826881383,0.101084706613103,"Hunting",0
"1093",5.95633351363509,0.10081589290932,"Hunting",0
"1094",5.98008433913187,0.100539766006521,"Hunting",0
"1095",6.00383516462866,0.100255645183922,"Hunting",0
"1096",6.02758599012545,0.0999629850361718,"Hunting",0
"1097",6.05133681562224,0.0996617707888657,"Hunting",0
"1098",6.07508764111903,0.099351755261021,"Hunting",0
"1099",6.09883846661581,0.099032769889677,"Hunting",0
"1100",6.1225892921126,0.0987047273015602,"Hunting",0
"1101",6.14634011760939,0.0983676222385694,"Hunting",0
"1102",6.17009094310618,0.0980215307622291,"Hunting",0
"1103",6.19384176860297,0.0976666077086959,"Hunting",0
"1104",6.21759259409975,0.0973030824149233,"Hunting",0
"1105",6.24134341959654,0.096931252786456,"Hunting",0
"1106",6.26509424509333,0.0965514778262167,"Hunting",0
"1107",6.28884507059012,0.096164168789817,"Hunting",0
"1108",6.31259589608691,0.0957697791746669,"Hunting",0
"1109",6.33634672158369,0.0953687937859782,"Hunting",0
"1110",6.36009754708048,0.0949617171513349,"Hunting",0
"1111",6.38384837257727,0.0945490615758094,"Hunting",0
"1112",6.40759919807406,0.0941312862644557,"Hunting",0
"1113",6.43135002357084,0.0937087204903758,"Hunting",0
"1114",6.45510084906763,0.0932820987788298,"Hunting",0
"1115",6.47885167456442,0.092851837196596,"Hunting",0
"1116",6.50260250006121,0.092418302597442,"Hunting",0
"1117",6.526353325558,0.0919818053246067,"Hunting",0
"1118",6.55010415105478,0.0915425934605425,"Hunting",0
"1119",6.57385497655157,0.0911008487262663,"Hunting",0
"1120",6.59760580204836,0.0906566840849074,"Hunting",0
"1121",6.62135662754515,0.0902101430564045,"Hunting",0
"1122",6.64510745304194,0.0897612007043259,"Hunting",0
"1123",6.66885827853872,0.089309766212884,"Hunting",0
"1124",6.69260910403551,0.0888556869336431,"Hunting",0
"1125",6.7163599295323,0.0883987537482424,"Hunting",0
"1126",6.74011075502909,0.0879387075665024,"Hunting",0
"1127",6.76386158052588,0.0874752467591428,"Hunting",0
"1128",6.78761240602266,0.087008035311339,"Hunting",0
"1129",6.81136323151945,0.0865367114775594,"Hunting",0
"1130",6.83511405701624,0.0860605964049785,"Hunting",0
"1131",6.85886488251303,0.085579529068001,"Hunting",0
"1132",6.88261570800981,0.0850931482282785,"Hunting",0
"1133",6.9063665335066,0.0846010836431689,"Hunting",0
"1134",6.93011735900339,0.0841029851746122,"Hunting",0
"1135",6.95386818450018,0.0835985300043421,"Hunting",0
"1136",6.97761900999697,0.0830874291373161,"Hunting",0
"1137",7.00136983549376,0.0825694331410909,"Hunting",0
"1138",7.02512066099054,0.082044337094771,"Hunting",0
"1139",7.04887148648733,0.0815119847447335,"Hunting",0
"1140",7.07262231198412,0.0809722718848679,"Hunting",0
"1141",7.09637313748091,0.0804251489960474,"Hunting",0
"1142",7.12012396297769,0.0798706231925995,"Hunting",0
"1143",7.14387478847448,0.0793087595324985,"Hunting",0
"1144",7.16762561397127,0.0787396817528658,"Hunting",0
"1145",7.19137643946806,0.0781635724933165,"Hunting",0
"1146",7.21512726496485,0.0775806730670576,"Hunting",0
"1147",7.23887809046163,0.0769910062722606,"Hunting",0
"1148",7.26262891595842,0.076395132634296,"Hunting",0
"1149",7.28637974145521,0.0757936071590163,"Hunting",0
"1150",7.310130566952,0.0751869077766436,"Hunting",0
"1151",7.33388139244879,0.0745755639675018,"Hunting",0
"1152",7.35763221794557,0.0739601544839233,"Hunting",0
"1153",7.38138304344236,0.0733413047734153,"Hunting",0
"1154",7.40513386893915,0.0727196840830189,"Hunting",0
"1155",7.42888469443594,0.0720960022208563,"Hunting",0
"1156",7.45263551993273,0.071471005949542,"Hunting",0
"1157",7.47638634542951,0.0708454749875142,"Hunting",0
"1158",7.5001371709263,0.0702202175983806,"Hunting",0
"1159",7.52388799642309,0.0695960657549131,"Hunting",0
"1160",7.54763882191988,0.0689738698731143,"Hunting",0
"1161",7.57138964741667,0.0683544931224809,"Hunting",0
"1162",7.59514047291345,0.0677388053307836,"Hunting",0
"1163",7.61889129841024,0.0671276765149293,"Hunting",0
"1164",7.64264212390703,0.0665221606847613,"Hunting",0
"1165",7.66639294940382,0.0659232278112911,"Hunting",0
"1166",7.69014377490061,0.0653315058536262,"Hunting",0
"1167",7.71389460039739,0.0647477863310783,"Hunting",0
"1168",7.73764542589418,0.0641728227195742,"Hunting",0
"1169",7.76139625139097,0.0636073232782784,"Hunting",0
"1170",7.78514707688776,0.0630519441475083,"Hunting",0
"1171",7.80889790238454,0.0625072828349929,"Hunting",0
"1172",7.83264872788133,0.0619738722072127,"Hunting",0
"1173",7.85639955337812,0.0614521750995601,"Hunting",0
"1174",7.88015037887491,0.0609425796534095,"Hunting",0
"1175",7.9039012043717,0.0604453954799285,"Hunting",0
"1176",7.92765202986848,0.0599608507397482,"Hunting",0
"1177",7.95140285536527,0.0594890902145762,"Hunting",0
"1178",7.97515368086206,0.0590301744317196,"Hunting",0
"1179",7.99890450635885,0.0585840798855122,"Hunting",0
"1180",8.02265533185564,0.0581507003811115,"Hunting",0
"1181",8.04640615735243,0.0577300271141975,"Hunting",0
"1182",8.07015698284921,0.057322215266637,"Hunting",0
"1183",8.093907808346,0.0569262745831414,"Hunting",0
"1184",8.11765863384279,0.0565417909664557,"Hunting",0
"1185",8.14140945933958,0.0561682932035296,"Hunting",0
"1186",8.16516028483636,0.0558052607092636,"Hunting",0
"1187",8.18891111033315,0.0554521319084155,"Hunting",0
"1188",8.21266193582994,0.0551083131105529,"Hunting",0
"1189",8.23641276132673,0.0547731877202476,"Hunting",0
"1190",8.26016358682352,0.0544461256148909,"Hunting",0
"1191",8.2839144123203,0.0541264925158728,"Hunting",0
"1192",8.30766523781709,0.0538136591756829,"Hunting",0
"1193",8.33141606331388,0.0535070102039324,"Hunting",0
"1194",8.35516688881067,0.0532059523594968,"Hunting",0
"1195",8.37891771430746,0.0529099221439716,"Hunting",0
"1196",8.40266853980424,0.052618392543349,"Hunting",0
"1197",8.42641936530103,0.0523308787801549,"Hunting",0
"1198",8.45017019079782,0.0520469429569545,"Hunting",0
"1199",8.47392101629461,0.0517663797353308,"Hunting",0
"1200",8.4976718417914,0.0514886367965252,"Hunting",0
"1201",8.52142266728818,0.0512134411105575,"Hunting",0
"1202",8.54517349278497,0.050940574690054,"Hunting",0
"1203",8.56892431828176,0.050669869166225,"Hunting",0
"1204",8.59267514377855,0.0504012021491721,"Hunting",0
"1205",8.61642596927534,0.0501344924342614,"Hunting",0
"1206",8.64017679477212,0.0498696941682662,"Hunting",0
"1207",8.66392762026891,0.0496067901121172,"Hunting",0
"1208",8.6876784457657,0.0493457841572861,"Hunting",0
"1209",8.71142927126249,0.0490866932696194,"Hunting",0
"1210",8.73518009675928,0.0488295390474476,"Hunting",0
"1211",8.75893092225606,0.048574339089738,"Hunting",0
"1212",8.78268174775285,0.0483210983747558,"Hunting",0
"1213",8.80643257324964,0.0480698008500527,"Hunting",0
"1214",8.83018339874643,0.0478204014306433,"Hunting",0
"1215",8.85393422424321,0.0475728185940611,"Hunting",0
"1216",8.87768504974,0.0473270010361385,"Hunting",0
"1217",8.90143587523679,0.0470826972422816,"Hunting",0
"1218",8.92518670073358,0.046839639905054,"Hunting",0
"1219",8.94893752623037,0.0465975320005455,"Hunting",0
"1220",8.97268835172715,0.0463560176242243,"Hunting",0
"1221",8.99643917722394,0.0461146818358201,"Hunting",0
"1222",9.02019000272073,0.0458730518971719,"Hunting",0
"1223",9.04394082821752,0.0456305998960184,"Hunting",0
"1224",9.06769165371431,0.0453867467216764,"Hunting",0
"1225",9.09144247921109,0.0451408673325839,"Hunting",0
"1226",9.11519330470788,0.0448922972312371,"Hunting",0
"1227",9.13894413020467,0.0446403400395307,"Hunting",0
"1228",9.16269495570146,0.044384276047271,"Hunting",0
"1229",9.18644578119825,0.0441233715889679,"Hunting",0
"1230",9.21019660669503,0.0438568890891546,"Hunting",0
"1231",9.23394743219182,0.0435840976045931,"Hunting",0
"1232",9.25769825768861,0.0433042836829328,"Hunting",0
"1233",9.2814490831854,0.0430164784410366,"Hunting",0
"1234",9.30519990868219,0.0427199897580828,"Hunting",0
"1235",9.32895073417897,0.0424144826303034,"Hunting",0
"1236",9.35270155967576,0.0420994388938298,"Hunting",0
"1237",9.37645238517255,0.041774413073168,"Hunting",0
"1238",9.40020321066934,0.041439040786751,"Hunting",0
"1239",9.42395403616612,0.0410930461417334,"Hunting",0
"1240",9.44770486166291,0.0407362479878043,"Hunting",0
"1241",9.4714556871597,0.0403685649172622,"Hunting",0
"1242",9.49520651265649,0.0399900189176498,"Hunting",0
"1243",9.51895733815328,0.039600737603652,"Hunting",0
"1244",9.54270816365007,0.0392009549764854,"Hunting",0
"1245",9.56645898914685,0.0387910106814189,"Hunting",0
"1246",9.59020981464364,0.0383713477570999,"Hunting",0
"1247",9.61396064014043,0.037942508893783,"Hunting",0
"1248",9.63771146563722,0.0375051312410745,"Hunting",0
"1249",9.661462291134,0.0370599398291477,"Hunting",0
"1250",9.68521311663079,0.0366076292077051,"Hunting",0
"1251",9.70896394212758,0.0361489841879494,"Hunting",0
"1252",9.73271476762437,0.0356852839206518,"Hunting",0
"1253",9.75646559312116,0.0352175222789143,"Hunting",0
"1254",9.78021641861794,0.034746727020676,"Hunting",0
"1255",9.80396724411473,0.0342739473342319,"Hunting",0
"1256",9.82771806961152,0.0338002411352442,"Hunting",0
"1257",9.85146889510831,0.0333266623207882,"Hunting",0
"1258",9.8752197206051,0.0328542481884182,"Hunting",0
"1259",9.89897054610188,0.0323840072268634,"Hunting",0
"1260",9.92272137159867,0.0319169074796451,"Hunting",0
"1261",9.94647219709546,0.0314538656736256,"Hunting",0
"1262",9.97022302259225,0.0309957372913015,"Hunting",0
"1263",9.99397384808904,0.0305433077487256,"Hunting",0
"1264",10.0177246735858,0.0300972848205331,"Hunting",0
"1265",10.0414754990826,0.0296582924300357,"Hunting",0
"1266",10.0652263245794,0.0292268658961999,"Hunting",0
"1267",10.0889771500762,0.0288034721330532,"Hunting",0
"1268",10.112727975573,0.0283889818141491,"Hunting",0
"1269",10.1364788010698,0.027983127059739,"Hunting",0
"1270",10.1602296265666,0.0275860520980612,"Hunting",0
"1271",10.1839804520633,0.027197813393332,"Hunting",0
"1272",10.2077312775601,0.026818384448304,"Hunting",0
"1273",10.2314821030569,0.0264476617981106,"Hunting",0
"1274",10.2552329285537,0.0260854720485603,"Hunting",0
"1275",10.2789837540505,0.0257315797959572,"Hunting",0
"1276",10.3027345795473,0.025385696253455,"Hunting",0
"1277",10.3264854050441,0.0250474884010384,"Hunting",0
"1278",10.3502362305409,0.0247165884724938,"Hunting",0
"1279",10.3739870560376,0.0243926035930717,"Hunting",0
"1280",10.3977378815344,0.0240751253857471,"Hunting",0
"1281",10.4214887070312,0.0237637393717426,"Hunting",0
"1282",10.445239532528,0.0234580340018911,"Hunting",0
"1283",10.4689903580248,0.0231576091690301,"Hunting",0
"1284",10.4927411835216,0.0228620840674429,"Hunting",0
"1285",10.5164920090184,0.022571326120601,"Hunting",0
"1286",10.5402428345152,0.0222848098977143,"Hunting",0
"1287",10.5639936600119,0.0220022038028371,"Hunting",0
"1288",10.5877444855087,0.0217232767066074,"Hunting",0
"1289",10.6114953110055,0.0214478433252076,"Hunting",0
"1290",10.6352461365023,0.0211757659171151,"Hunting",0
"1291",10.6589969619991,0.0209069549292341,"Hunting",0
"1292",10.6827477874959,0.0206413686177227,"Hunting",0
"1293",10.7064986129927,0.0203790116836056,"Hunting",0
"1294",10.7302494384895,0.0201199329768857,"Hunting",0
"1295",10.7540002639862,0.0198642223353351,"Hunting",0
"1296",10.777751089483,0.0196120066354694,"Hunting",0
"1297",10.8015019149798,0.0193634451434181,"Hunting",0
"1298",10.8252527404766,0.0191187242624792,"Hunting",0
"1299",10.8490035659734,0.0188780517820777,"Hunting",0
"1300",10.8727543914702,0.018641650739585,"Hunting",0
"1301",10.896505216967,0.0184097530119059,"Hunting",0
"1302",10.9202560424638,0.0181827798798784,"Hunting",0
"1303",10.9440068679606,0.0179609383269852,"Hunting",0
"1304",10.9677576934573,0.0177443098061976,"Hunting",0
"1305",10.9915085189541,0.0175330904284707,"Hunting",0
"1306",11.0152593444509,0.0173274516738179,"Hunting",0
"1307",11.0390101699477,0.0171275352079032,"Hunting",0
"1308",11.0627609954445,0.0169334483121406,"Hunting",0
"1309",11.0865118209413,0.0167452600136258,"Hunting",0
"1310",11.1102626464381,0.0165629979870828,"Hunting",0
"1311",11.1340134719349,0.0163866462849942,"Hunting",0
"1312",11.1577642974316,0.0162161439344749,"Hunting",0
"1313",11.1815151229284,0.0160513844206608,"Hunting",0
"1314",11.2052659484252,0.0158922160568374,"Hunting",0
"1315",11.229016773922,0.0157384432217636,"Hunting",0
"1316",11.2527675994188,0.0155898284251815,"Hunting",0
"1317",11.2765184249156,0.0154460951439243,"Hunting",0
"1318",11.3002692504124,0.0153069313539034,"Hunting",0
"1319",11.3240200759092,0.0151720777638989,"Hunting",0
"1320",11.3477709014059,0.0150412097323462,"Hunting",0
"1321",11.3715217269027,0.0149137478570647,"Hunting",0
"1322",11.3952725523995,0.0147892820653052,"Hunting",0
"1323",11.4190233778963,0.0146673931267727,"Hunting",0
"1324",11.4427742033931,0.0145476580698304,"Hunting",0
"1325",11.4665250288899,0.0144296554527406,"Hunting",0
"1326",11.4902758543867,0.0143129703903799,"Hunting",0
"1327",11.5140266798835,0.0141971992494872,"Hunting",0
"1328",11.5377775053803,0.0140819539400987,"Hunting",0
"1329",11.561528330877,0.0139668657468264,"Hunting",0
"1330",11.5852791563738,0.0138515886603993,"Hunting",0
"1331",11.6090299818706,0.0137358021867949,"Hunting",0
"1332",11.6327808073674,0.0136192136276967,"Hunting",0
"1333",11.6565316328642,0.0135015598413473,"Hunting",0
"1334",11.680282458361,0.0133826085065895,"Hunting",0
"1335",11.7040332838578,0.0132621589245509,"Hunting",0
"1336",11.7277841093546,0.0131400305378933,"Hunting",0
"1337",11.7515349348513,0.0130159837839004,"Hunting",0
"1338",11.7752857603481,0.0128900193187944,"Hunting",0
"1339",11.7990365858449,0.0127620701625389,"Hunting",0
"1340",11.8227874113417,0.0126320994181963,"Hunting",0
"1341",11.8465382368385,0.012500099311209,"Hunting",0
"1342",11.8702890623353,0.0123660901338494,"Hunting",0
"1343",11.8940398878321,0.0122301191240912,"Hunting",0
"1344",11.9177907133289,0.012092259299287,"Hunting",0
"1345",11.9415415388256,0.0119526082561128,"Hunting",0
"1346",11.9652923643224,0.0118112869397462,"Hunting",0
"1347",11.9890431898192,0.0116684383775844,"Hunting",0
"1348",12.012794015316,0.011524226366364,"Hunting",0
"1349",12.0365448408128,0.0113788340965881,"Hunting",0
"1350",12.0602956663096,0.0112324626949134,"Hunting",0
"1351",12.0840464918064,0.0110853296637146,"Hunting",0
"1352",12.1077973173032,0.0109376671974534,"Hunting",0
"1353",12.1315481428,0.0107897203576753,"Hunting",0
"1354",12.1552989682967,0.0106417605102323,"Hunting",0
"1355",12.1790497937935,0.0104940749404519,"Hunting",0
"1356",12.2028006192903,0.0103469356075456,"Hunting",0
"1357",12.2265514447871,0.0102006174409799,"Hunting",0
"1358",12.2503022702839,0.0100553957747239,"Hunting",0
"1359",12.2740530957807,0.00991154356087611,"Hunting",0
"1360",12.2978039212775,0.00976932850524068,"Hunting",0
"1361",12.3215547467743,0.00962901016371049,"Hunting",0
"1362",12.345305572271,0.00949083704333347,"Hunting",0
"1363",12.3690563977678,0.00935504375568209,"Hunting",0
"1364",12.3928072232646,0.00922184827250004,"Hunting",0
"1365",12.4165580487614,0.0090914493344873,"Hunting",0
"1366",12.4403088742582,0.00896402406348967,"Hunting",0
"1367",12.464059699755,0.00883972582631096,"Hunting",0
"1368",12.4878105252518,0.00871868239494171,"Hunting",0
"1369",12.5115613507486,0.00860099444331179,"Hunting",0
"1370",12.5353121762453,0.00848673441487265,"Hunting",0
"1371",12.5590630017421,0.00837608945037023,"Hunting",0
"1372",12.5828138272389,0.00826901269472233,"Hunting",0
"1373",12.6065646527357,0.00816539806694631,"Hunting",0
"1374",12.6303154782325,0.0080651959145002,"Hunting",0
"1375",12.6540663037293,0.00796832948616411,"Hunting",0
"1376",12.6778171292261,0.00787469649021151,"Hunting",0
"1377",12.7015679547229,0.00778417102634055,"Hunting",0
"1378",12.7253187802196,0.00769660585743469,"Hunting",0
"1379",12.7490696057164,0.00761183498092286,"Hunting",0
"1380",12.7728204312132,0.00752967645406235,"Hunting",0
"1381",12.79657125671,0.0074499354229627,"Hunting",0
"1382",12.8203220822068,0.00737240730167256,"Hunting",0
"1383",12.8440729077036,0.00729688104521251,"Hunting",0
"1384",12.8678237332004,0.00722314245907865,"Hunting",0
"1385",12.8915745586972,0.00715097748747029,"Hunting",0
"1386",12.915325384194,0.00708017542329261,"Hunting",0
"1387",12.9390762096907,0.00701053198481688,"Hunting",0
"1388",12.9628270351875,0.00694187190930008,"Hunting",0
"1389",12.9865778606843,0.00687400677533323,"Hunting",0
"1390",13.0103286861811,0.00680673344946908,"Hunting",0
"1391",13.0340795116779,0.0067399039553437,"Hunting",0
"1392",13.0578303371747,0.00667338880114931,"Hunting",0
"1393",13.0815811626715,0.00660707813562522,"Hunting",0
"1394",13.1053319881683,0.00654088250386011,"Hunting",0
"1395",13.129082813665,0.00647473319547774,"Hunting",0
"1396",13.1528336391618,0.00640858218483596,"Hunting",0
"1397",13.1765844646586,0.00634240166984584,"Hunting",0
"1398",13.2003352901554,0.00627618322282554,"Hunting",0
"1399",13.2240861156522,0.00620993657336296,"Hunting",0
"1400",13.247836941149,0.00614368804940221,"Hunting",0
"1401",13.2715877666458,0.00607747870862859,"Hunting",0
"1402",13.2953385921426,0.00601136219764795,"Hunting",0
"1403",13.3190894176393,0.00594540238138701,"Hunting",0
"1404",13.3428402431361,0.00587967078952948,"Hunting",0
"1405",13.3665910686329,0.00581424794595607,"Hunting",0
"1406",13.3903418941297,0.00574923642296177,"Hunting",0
"1407",13.4140927196265,0.00568469674338969,"Hunting",0
"1408",13.4378435451233,0.0056207021600866,"Hunting",0
"1409",13.4615943706201,0.00555731916447084,"Hunting",0
"1410",13.4853451961169,0.00549460509025849,"Hunting",0
"1411",13.5090960216137,0.00543260595782057,"Hunting",0
"1412",13.5328468471104,0.00537135461112655,"Hunting",0
"1413",13.5565976726072,0.00531086919478083,"Hunting",0
"1414",13.580348498104,0.00525115201302229,"Hunting",0
"1415",13.6040993236008,0.00519218880574319,"Hunting",0
"1416",13.6278501490976,0.0051339484686398,"Hunting",0
"1417",13.6516009745944,0.00507638323561365,"Hunting",0
"1418",13.6753518000912,0.00501942933162735,"Hunting",0
"1419",13.699102625588,0.00496300809354712,"Hunting",0
"1420",13.7228534510847,0.00490702754528777,"Hunting",0
"1421",13.7466042765815,0.0048513844020618,"Hunting",0
"1422",13.7703551020783,0.00479596646701121,"Hunting",0
"1423",13.7941059275751,0.00474065350259315,"Hunting",0
"1424",13.8178567530719,0.0046853094575432,"Hunting",0
"1425",13.8416075785687,0.00462981342534525,"Hunting",0
"1426",13.8653584040655,0.004574049612495,"Hunting",0
"1427",13.8891092295623,0.00451791023642209,"Hunting",0
"1428",13.912860055059,0.00446129885400205,"Hunting",0
"1429",13.9366108805558,0.00440413352075329,"Hunting",0
"1430",13.9603617060526,0.00434634969479796,"Hunting",0
"1431",13.9841125315494,0.00428790280452041,"Hunting",0
"1432",14.0078633570462,0.00422877040610117,"Hunting",0
"1433",14.031614182543,0.00416895386658358,"Hunting",0
"1434",14.0553650080398,0.00410847951960616,"Hunting",0
"1435",14.0791158335366,0.00404739925410162,"Hunting",0
"1436",14.1028666590333,0.00398579051075078,"Hunting",0
"1437",14.1266174845301,0.00392375567636542,"Hunting",0
"1438",14.1503683100269,0.00386142088219693,"Hunting",0
"1439",14.1741191355237,0.00379893422794552,"Hunting",0
"1440",14.1978699610205,0.00373647355627964,"Hunting",0
"1441",14.2216207865173,0.00367424170381206,"Hunting",0
"1442",14.2453716120141,0.00361243851270514,"Hunting",0
"1443",14.2691224375109,0.00355127314120259,"Hunting",0
"1444",14.2928732630077,0.0034909596612654,"Hunting",0
"1445",14.3166240885044,0.00343171304974171,"Hunting",0
"1446",14.3403749140012,0.00337374515223092,"Hunting",0
"1447",14.364125739498,0.00331726071035314,"Hunting",0
"1448",14.3878765649948,0.00326245353904151,"Hunting",0
"1449",14.4116273904916,0.00320950293412458,"Hunting",0
"1450",14.4353782159884,0.0031585703821471,"Hunting",0
"1451",14.4591290414852,0.00310979663443671,"Hunting",0
"1452",14.482879866982,0.00306329919625103,"Hunting",0
"1453",14.5066306924787,0.00301917026984807,"Hunting",0
"1454",14.5303815179755,0.00297747517794198,"Hunting",0
"1455",14.5541323434723,0.00293825128165224,"Hunting",0
"1456",14.5778831689691,0.00290150739513194,"Hunting",0
"1457",14.6016339944659,0.00286729466415176,"Hunting",0
"1458",14.6253848199627,0.0028355726309489,"Hunting",0
"1459",14.6491356454595,0.00280617105318367,"Hunting",0
"1460",14.6728864709563,0.00277898276365952,"Hunting",0
"1461",14.696637296453,0.00275387661170052,"Hunting",0
"1462",14.7203881219498,0.0027306994780438,"Hunting",0
"1463",14.7441389474466,0.00270927853914446,"Hunting",0
"1464",14.7678897729434,0.00268942373549359,"Hunting",0
"1465",14.7916405984402,0.00267093040012035,"Hunting",0
"1466",14.815391423937,0.00265358200584753,"Hunting",0
"1467",14.8391422494338,0.00263715299283434,"Hunting",0
"1468",14.8628930749306,0.00262141164121809,"Hunting",0
"1469",14.8866439004273,0.00260612295701304,"Hunting",0
"1470",14.9103947259241,0.00259105154262557,"Hunting",0
"1471",14.9341455514209,0.0025759644262176,"Hunting",0
"1472",14.9578963769177,0.00256063382655611,"Hunting",0
"1473",14.9816472024145,0.00254483983183549,"Hunting",0
"1474",15.0053980279113,0.00252836053841972,"Hunting",0
"1475",15.0291488534081,0.00251095095128576,"Hunting",0
"1476",15.0528996789049,0.00249246844203209,"Hunting",0
"1477",15.0766505044017,0.00247275347507829,"Hunting",0
"1478",15.1004013298984,0.00245166632164932,"Hunting",0
"1479",15.1241521553952,0.00242908869690223,"Hunting",0
"1480",15.147902980892,0.00240492515690882,"Hunting",0
"1481",15.1716538063888,0.00237910423439566,"Hunting",0
"1482",15.1954046318856,0.00235157929303165,"Hunting",0
"1483",15.2191554573824,0.00232232908167073,"Hunting",0
"1484",15.2429062828792,0.00229135797237416,"Hunting",0
"1485",15.266657108376,0.00225869586928318,"Hunting",0
"1486",15.2904079338727,0.00222439777947437,"Hunting",0
"1487",15.3141587593695,0.00218854304174631,"Hunting",0
"1488",15.3379095848663,0.0021512342147574,"Hunting",0
"1489",15.3616604103631,0.00211259563192052,"Hunting",0
"1490",15.3854112358599,0.00207277163679134,"Hunting",0
"1491",15.4091620613567,0.00203192451916862,"Hunting",0
"1492",15.4329128868535,0.00199019196869609,"Hunting",0
"1493",15.4566637123503,0.00194783239974453,"Hunting",0
"1494",15.480414537847,0.0019050496173613,"Hunting",0
"1495",15.5041653633438,0.00186205256827073,"Hunting",0
"1496",15.5279161888406,0.00181905345935409,"Hunting",0
"1497",15.5516670143374,0.00177626466889092,"Hunting",0
"1498",15.5754178398342,0.00173389568081655,"Hunting",0
"1499",15.599168665331,0.00169215009389701,"Hunting",0
"1500",15.6229194908278,0.00165122275619604,"Hunting",0
"1501",15.6466703163246,0.00161129707259012,"Hunting",0
"1502",15.6704211418214,0.00157254252947165,"Hunting",0
"1503",15.6941719673181,0.00153511247628658,"Hunting",0
"1504",15.7179227928149,0.00149914219831966,"Hunting",0
"1505",15.7416736183117,0.00146474730932105,"Hunting",0
"1506",15.7654244438085,0.00143202248631891,"Hunting",0
"1507",15.7891752693053,0.00140104056244396,"Hunting",0
"1508",15.8129260948021,0.00137185198695678,"Hunting",0
"1509",15.8366769202989,0.0013445735858983,"Hunting",0
"1510",15.8604277457957,0.00131915025882904,"Hunting",0
"1511",15.8841785712924,0.00129553030947904,"Hunting",0
"1512",15.9079293967892,0.00127367230977929,"Hunting",0
"1513",15.931680222286,0.00125351567607002,"Hunting",0
"1514",15.9554310477828,0.00123498227560056,"Hunting",0
"1515",15.9791818732796,0.00121797827351843,"Hunting",0
"1516",16.0029326987764,0.0012023961841708,"Hunting",0
"1517",16.0266835242732,0.00118811708791561,"Hunting",0
"1518",16.05043434977,0.00117501297261222,"Hunting",0
"1519",16.0741851752667,0.00116294915754221,"Hunting",0
"1520",16.0979360007635,0.00115178675670772,"Hunting",0
"1521",16.1216868262603,0.00114138513827947,"Hunting",0
"1522",16.1454376517571,0.00113160433743035,"Hunting",0
"1523",16.1691884772539,0.00112230738090451,"Hunting",0
"1524",16.1929393027507,0.00111336248344665,"Hunting",0
"1525",16.2166901282475,0.0011046450786565,"Hunting",0
"1526",16.2404409537443,0.00109603956820024,"Hunting",0
"1527",16.264191779241,0.00108743152203517,"Hunting",0
"1528",16.2879426047378,0.00107872752721095,"Hunting",0
"1529",16.3116934302346,0.00106985096060692,"Hunting",0
"1530",16.3354442557314,0.00106073912291562,"Hunting",0
"1531",16.3591950812282,0.00105134357361712,"Hunting",0
"1532",16.382945906725,0.00104163016441712,"Hunting",0
"1533",16.4066967322218,0.00103157877905693,"Hunting",0
"1534",16.4304475577186,0.00102118279374568,"Hunting",0
"1535",16.4541983832154,0.00101044827853355,"Hunting",0
"1536",16.4779492087121,0.000999392965575315,"Hunting",0
"1537",16.5017000342089,0.000988045015266577,"Hunting",0
"1538",16.5254508597057,0.000976441615520488,"Hunting",0
"1539",16.5492016852025,0.000964627452857713,"Hunting",0
"1540",16.5729525106993,0.000952653096393624,"Hunting",0
"1541",16.5967033361961,0.00094057333713909,"Hunting",0
"1542",16.6204541616929,0.000928445525229392,"Hunting",0
"1543",16.6442049871897,0.000916329243569659,"Hunting",0
"1544",16.6679558126864,0.000904289270339216,"Hunting",0
"1545",16.6917066381832,0.000892379963903729,"Hunting",0
"1546",16.71545746368,0.000880652558730406,"Hunting",0
"1547",16.7392082891768,0.000869153606092414,"Hunting",0
"1548",16.7629591146736,0.000857924159492228,"Hunting",0
"1549",16.7867099401704,0.000846999173047205,"Hunting",0
"1550",16.8104607656672,0.000836407116320778,"Hunting",0
"1551",16.834211591164,0.000826169802633277,"Hunting",0
"1552",16.8579624166607,0.00081630242176498,"Hunting",0
"1553",16.8817132421575,0.000806813762357236,"Hunting",0
"1554",16.9054640676543,0.000797706604389544,"Hunting",0
"1555",16.9292148931511,0.0007889782579998,"Hunting",0
"1556",16.9529657186479,0.000780621221729037,"Hunting",0
"1557",16.9767165441447,0.000772623931085247,"Hunting",0
"1558",17.0004673696415,0.000764971567171283,"Hunting",0
"1559",17.0242181951383,0.000757646895012194,"Hunting",0
"1560",17.0479690206351,0.0007506317748205,"Hunting",0
"1561",17.0717198461318,0.000743922761994132,"Hunting",0
"1562",17.0954706716286,0.000737480854387265,"Hunting",0
"1563",17.1192214971254,0.000731287465287384,"Hunting",0
"1564",17.1429723226222,0.000725325421448262,"Hunting",0
"1565",17.166723148119,0.000719579401099035,"Hunting",0
"1566",17.1904739736158,0.000714036258186171,"Hunting",0
"1567",17.2142247991126,0.000708685232058566,"Hunting",0
"1568",17.2379756246094,0.00070351804596263,"Hunting",0
"1569",17.2617264501061,0.000698528901458365,"Hunting",0
"1570",17.2854772756029,0.000693714379090479,"Hunting",0
"1571",17.3092281010997,0.000689073258264577,"Hunting",0
"1572",17.3329789265965,0.000684606271228287,"Hunting",0
"1573",17.3567297520933,0.000680315807307847,"Hunting",0
"1574",17.3804805775901,0.000676205584095757,"Hunting",0
"1575",17.4042314030869,0.000672280302144032,"Hunting",0
"1576",17.4279822285837,0.000668545298933098,"Hunting",0
"1577",17.4517330540804,0.000665006216523861,"Hunting",0
"1578",17.4754838795772,0.000661679590935865,"Hunting",0
"1579",17.499234705074,0.000658563218996402,"Hunting",0
"1580",17.5229855305708,0.000655659165302217,"Hunting",0
"1581",17.5467363560676,0.000652971438332052,"Hunting",0
"1582",17.5704871815644,0.000650503236359516,"Hunting",0
"1583",17.5942380070612,0.000648256893062685,"Hunting",0
"1584",17.617988832558,0.000646233867129117,"Hunting",0
"1585",17.6417396580547,0.000644434769463502,"Hunting",0
"1586",17.6654904835515,0.000642859420111386,"Hunting",0
"1587",17.6892413090483,0.000641506925966238,"Hunting",0
"1588",17.7129921345451,0.000640375769750736,"Hunting",0
"1589",17.7367429600419,0.000639463900661735,"Hunting",0
"1590",17.7604937855387,0.000638768817428155,"Hunting",0
"1591",17.7842446110355,0.00063828763532194,"Hunting",0
"1592",17.8079954365323,0.00063801712983866,"Hunting",0
"1593",17.8317462620291,0.00063795375126703,"Hunting",0
"1594",17.8554970875258,0.000638093606126246,"Hunting",0
"1595",17.8792479130226,0.000638439570875791,"Hunting",0
"1596",17.9029987385194,0.000638984627818688,"Hunting",0
"1597",17.9267495640162,0.000639717526572118,"Hunting",0
"1598",17.950500389513,0.000640631883274538,"Hunting",0
"1599",17.9742512150098,0.000641720314695837,"Hunting",0
"1600",17.9980020405066,0.000642974246397704,"Hunting",0
"1601",18.0217528660034,0.000644383718734628,"Hunting",0
"1602",18.0455036915001,0.000645937200162442,"Hunting",0
"1603",18.0692545169969,0.000647621417419099,"Hunting",0
"1604",18.0930053424937,0.000649421211835921,"Hunting",0
"1605",18.1167561679905,0.000651319430341532,"Hunting",0
"1606",18.1405069934873,0.000653296858665282,"Hunting",0
"1607",18.1642578189841,0.000655332202874943,"Hunting",0
"1608",18.1880086444809,0.000657402123749807,"Hunting",0
"1609",18.2117594699777,0.000659481326659578,"Hunting",0
"1610",18.2355102954744,0.000661542707662761,"Hunting",0
"1611",18.2592611209712,0.000663557554532442,"Hunting",0
"1612",18.283011946468,0.00066549341271574,"Hunting",0
"1613",18.3067627719648,0.000667313690061351,"Hunting",0
"1614",18.3305135974616,0.000668989877764866,"Hunting",0
"1615",18.3542644229584,0.00067048983966321,"Hunting",0
"1616",18.3780152484552,0.00067178161577401,"Hunting",0
"1617",18.401766073952,0.00067283382332178,"Hunting",0
"1618",18.4255168994488,0.000673616052663004,"Hunting",0
"1619",18.4492677249455,0.000674099247829211,"Hunting",0
"1620",18.4730185504423,0.000674256062038912,"Hunting",0
"1621",18.4967693759391,0.000674061179479099,"Hunting",0
"1622",18.5205202014359,0.000673491595880486,"Hunting",0
"1623",18.5442710269327,0.00067252685185657,"Hunting",0
"1624",18.5680218524295,0.000671149214586395,"Hunting",0
"1625",18.5917726779263,0.000669343805132393,"Hunting",0
"1626",18.6155235034231,0.000667098670434079,"Hunting",0
"1627",18.6392743289198,0.000664404800742724,"Hunting",0
"1628",18.6630251544166,0.000661256094902317,"Hunting",0
"1629",18.6867759799134,0.000657646485390954,"Hunting",0
"1630",18.7105268054102,0.00065355106423222,"Hunting",0
"1631",18.734277630907,0.000648999604911905,"Hunting",0
"1632",18.7580284564038,0.000643996877002353,"Hunting",0
"1633",18.7817792819006,0.000638549705712965,"Hunting",0
"1634",18.8055301073974,0.000632666743227369,"Hunting",0
"1635",18.8292809328941,0.000626358238363879,"Hunting",0
"1636",18.8530317583909,0.000619635811753116,"Hunting",0
"1637",18.8767825838877,0.000612512243038855,"Hunting",0
"1638",18.9005334093845,0.000605001275744738,"Hunting",0
"1639",18.9242842348813,0.000597117444446669,"Hunting",0
"1640",18.9480350603781,0.000588875927787686,"Hunting",0
"1641",18.9717858858749,0.000580292429707845,"Hunting",0
"1642",18.9955367113717,0.000571383090075512,"Hunting",0
"1643",19.0192875368685,0.000562164424736468,"Hunting",0
"1644",19.0430383623652,0.000552653293878345,"Hunting",0
"1645",19.066789187862,0.000542866896574167,"Hunting",0
"1646",19.0905400133588,0.000532822788448162,"Hunting",0
"1647",19.1142908388556,0.000522526605500379,"Hunting",0
"1648",19.1380416643524,0.000512009484224247,"Hunting",0
"1649",19.1617924898492,0.000501292698537504,"Hunting",0
"1650",19.185543315346,0.000490395877386518,"Hunting",0
"1651",19.2092941408428,0.000479339306095128,"Hunting",0
"1652",19.2330449663395,0.000468143980741224,"Hunting",0
"1653",19.2567957918363,0.000456831650118041,"Hunting",0
"1654",19.2805466173331,0.000445424841586451,"Hunting",0
"1655",19.3042974428299,0.000433946867870395,"Hunting",0
"1656",19.3280482683267,0.000422421812690107,"Hunting",0
"1657",19.3517990938235,0.00041087449403637,"Hunting",0
"1658",19.3755499193203,0.000399330404827988,"Hunting",0
"1659",19.3993007448171,0.00038781563162741,"Hunting",0
"1660",19.4230515703138,0.000376356752979118,"Hunting",0
"1661",19.4468023958106,0.000364980719745445,"Hunting",0
"1662",19.4705532213074,0.000353714720511354,"Hunting",0
"1663",19.4943040468042,0.000342586035681951,"Hunting",0
"1664",19.518054872301,0.000331629818852005,"Hunting",0
"1665",19.5418056977978,0.000320872991998351,"Hunting",0
"1666",19.5655565232946,0.000310337942211428,"Hunting",0
"1667",19.5893073487914,0.000300050606949886,"Hunting",0
"1668",19.6130581742881,0.000290036219880604,"Hunting",0
"1669",19.6368089997849,0.000280319187625747,"Hunting",0
"1670",19.6605598252817,0.000270922980784348,"Hunting",0
"1671",19.6843106507785,0.000261870039945597,"Hunting",0
"1672",19.7080614762753,0.000253181696506604,"Hunting",0
"1673",19.7318123017721,0.000244878107229755,"Hunting",0
"1674",19.7555631272689,0.000236978200671759,"Hunting",0
"1675",19.7793139527657,0.000229499632932278,"Hunting",0
"1676",19.8030647782625,0.000222458749644603,"Hunting",0
"1677",19.8268156037592,0.00021587055079691,"Hunting",0
"1678",19.850566429256,0.000209748654854832,"Hunting",0
"1679",19.8743172547528,0.000204105258769191,"Hunting",0
"1680",19.8980680802496,0.000198951090799494,"Hunting",0
"1681",19.9218189057464,0.000194308176624534,"Hunting",0
"1682",19.9455697312432,0.000190192275292241,"Hunting",0
"1683",19.96932055674,0.000186588813086599,"Hunting",0
"1684",19.9930713822368,0.000183501522337084,"Hunting",0
